id_aluno,sexo,idade,tipo_de_cota,coeficiente,naturalidade_op,total_reprovacao_nota,total_reprovacao_falta,target_evasao
1,M,47,AC,5.6,0,0,0,0
2,F,21,AC,0.0,0,0,0,0
3,F,19,LB_PPI,6.0,0,0,0,0
4,M,29,LB_EP,0.0,0,0,0,0
5,M,20,LB_PPI,0.0,0,0,0,0
6,M,19,AC,0.0,0,0,0,0
7,F,20,LB_EP,0.0,0,0,0,0
8,F,19,LI_PPI,0.0,0,0,0,0
9,M,23,LI_EP,0.0,0,0,0,0
10,M,20,LI_EP,0.0,0,0,0,0
11,F,19,AC,0.0,0,0,0,0
12,M,28,LI_PPI,0.0,0,0,0,0
13,M,21,LI_EP,0.0,0,0,0,0
14,M,23,AC,0.0,0,0,0,0
15,M,19,AC,0.0,0,0,0,0
16,M,21,AC,0.0,0,0,0,0
17,M,20,LB_EP,0.0,0,0,0,0
18,F,20,LB_EP,0.0,0,0,0,0
19,M,22,LB_EP,0.0,0,0,0,0
20,M,23,LB_PPI,0.0,0,0,0,0
21,M,20,LB_PPI,0.0,0,0,0,0
22,M,20,LB_PPI,0.0,0,0,0,0
23,M,22,AC,0.0,0,0,0,0
24,M,19,AC,0.0,0,0,0,0
25,M,19,AC,0.0,0,0,0,0
26,M,21,AC,0.0,0,0,0,0
27,M,20,AC,0.0,0,0,0,0
28,M,22,AC,0.0,0,0,0,0
29,M,20,AC,0.0,0,0,0,0
30,M,23,AC,0.0,0,0,0,0
31,M,20,AC,0.0,0,0,0,0
32,M,21,AC,0.0,0,0,0,0
33,M,20,LI_PPI,0.0,0,0,0,0
34,M,20,LI_PPI,0.0,0,0,0,0
35,M,20,LI_PPI,0.0,0,0,0,0
36,M,20,LI_PPI,0.0,0,0,0,0
37,M,21,AC,0.0,0,0,0,0
38,M,20,AC,0.0,0,0,0,0
39,F,20,AC,0.0,0,0,0,0
40,M,19,AC,0.0,0,0,0,0
41,M,22,AC,0.0,0,0,0,0
42,F,21,LB_EP,7.2,0,0,0,0
43,F,21,LB_PPI,5.7,0,0,0,0
44,F,23,LB_PPI,6.0,0,0,0,0
45,F,25,LB_PPI,7.5,0,0,0,0
46,M,20,LB_PPI,6.2,0,0,0,0
47,M,20,LB_PPI,5.4,1,0,0,0
48,M,19,LB_PPI,5.8,0,0,0,0
49,F,20,LB_PPI,6.1,0,0,0,0
50,M,31,LB_PPI,4.9,0,0,0,0
51,F,24,LB_EP,0.0,0,0,0,1
52,F,21,LI_PPI,6.4,0,0,0,0
53,M,19,AC,9.0,0,0,0,0
54,M,20,AC,7.3,0,0,0,0
55,M,21,AC,8.4,0,0,0,0
56,M,19,AC,8.5,0,0,0,0
57,M,19,AC,7.9,0,0,0,0
58,M,20,AC,8.4,0,0,0,0
59,M,20,AC,8.7,0,0,0,0
60,M,23,AC,8.1,0,0,0,0
61,M,21,AC,8.3,0,0,0,0
62,F,19,AC,8.5,0,0,0,0
63,M,21,AC,7.5,0,0,0,0
64,M,19,AC,7.7,0,0,0,0
65,M,20,AC,6.6,0,0,0,0
66,M,20,AC,8.5,0,0,0,0
67,M,20,AC,7.6,0,0,0,0
68,M,22,AC,8.3,0,0,0,0
69,M,20,AC,4.3,0,0,0,0
70,M,19,LI_EP,4.7,0,0,0,0
71,M,20,LI_EP,7.0,0,0,0,0
72,M,19,LI_PPI,7.8,0,0,0,0
73,F,21,LI_PPI,7.5,0,0,0,0
74,M,20,LI_PPI,2.5,0,0,0,1
75,M,23,LI_EP,0.1,0,0,0,1
76,M,20,LI_PPI,7.8,0,0,0,0
77,M,20,LI_PPI,8.6,0,0,0,0
78,M,31,AC,7.6,0,0,0,0
79,M,20,LB_PPI,1.3,0,0,0,1
80,M,22,L2,4.6,0,0,0,0
81,M,21,L2,3.1,0,0,0,1
82,M,21,L2,6.5,0,0,0,0
83,M,22,L2,4.5,0,0,0,0
84,F,21,L1,3.7,0,0,0,0
85,M,20,L1,8.5,0,0,0,0
86,M,23,LI_PPI,5.0,0,0,0,0
87,F,24,LI_PPI,4.6,0,0,0,0
88,M,23,LI_PPI,5.9,0,0,0,0
89,M,20,AC,5.3,0,0,0,0
90,M,23,LI_PPI,6.1,0,0,0,0
91,F,20,AC,8.4,0,0,0,0
92,M,46,AC,8.7,0,0,0,0
93,M,43,AC,8.2,0,0,0,0
94,M,47,AC,8.0,0,0,0,0
95,M,49,AC,5.3,0,0,0,0
96,M,43,AC,7.0,0,0,0,0
97,M,42,AC,9.0,0,0,0,0
98,M,44,AC,5.4,0,0,0,0
99,M,46,AC,8.5,0,0,0,0
100,M,43,AC,8.0,1,0,0,0
101,M,46,AC,6.1,0,0,0,0
102,M,46,AC,5.5,0,0,0,0
103,M,43,AC,8.6,0,0,0,0
104,M,42,AC,8.5,0,0,0,0
105,M,44,AC,7.6,0,0,0,0
106,M,43,AC,8.5,0,0,0,0
107,M,45,AC,6.8,0,0,0,0
108,M,42,AC,9.1,0,0,0,0
109,M,43,AC,8.1,0,0,0,0
110,F,43,AC,8.5,0,0,0,0
111,M,43,AC,7.7,0,0,0,0
112,F,47,AC,8.8,0,0,0,0
113,M,44,AC,9.0,0,0,0,0
114,M,46,AC,9.6,0,0,0,0
115,M,44,AC,8.0,0,0,0,0
116,M,44,AC,7.9,0,0,0,0
117,M,43,AC,8.0,0,0,0,0
118,M,51,AC,6.7,0,0,0,0
119,F,43,AC,9.2,0,0,0,0
120,M,46,AC,7.3,0,0,0,0
121,M,45,AC,6.1,0,0,0,0
122,M,50,AC,4.2,0,0,0,0
123,M,46,AC,6.9,0,0,0,0
124,F,50,AC,5.3,0,0,0,0
125,M,47,AC,5.8,1,0,0,0
126,M,46,AC,6.1,0,0,0,0
127,F,45,AC,7.0,0,0,0,0
128,F,45,AC,7.1,0,0,0,0
129,M,46,AC,6.9,0,0,0,0
130,M,72,AC,7.0,0,0,0,0
131,M,45,AC,8.3,0,0,0,0
132,F,44,AC,7.5,0,0,0,0
133,M,50,AC,5.4,0,0,0,0
134,M,47,AC,6.3,0,0,0,0
135,M,46,AC,8.5,0,0,0,0
136,M,45,AC,7.8,0,0,0,0
137,M,45,AC,7.1,0,0,0,0
138,M,44,AC,6.5,0,0,0,0
139,M,46,AC,7.8,0,0,0,0
140,M,48,AC,7.1,0,0,0,0
141,M,45,AC,8.2,0,0,0,0
142,M,47,AC,8.4,0,0,0,0
143,M,46,AC,7.6,0,0,0,0
144,M,45,AC,8.2,0,0,0,0
145,F,45,AC,7.4,0,0,0,0
146,F,46,AC,7.6,1,0,0,0
147,M,44,AC,7.8,0,0,0,0
148,F,46,AC,6.2,0,0,0,0
149,M,47,AC,6.9,0,0,0,0
150,M,47,AC,7.2,0,0,0,0
151,M,47,AC,6.8,0,0,0,0
152,M,46,AC,6.6,0,0,0,0
153,M,45,AC,7.6,0,0,0,0
154,M,42,AC,8.8,0,0,0,0
155,M,41,AC,7.8,0,0,0,0
156,F,43,AC,8.5,0,0,0,0
157,M,42,AC,7.9,0,0,0,0
158,M,43,AC,8.0,0,0,0,0
159,M,41,AC,8.9,0,0,0,0
160,M,45,AC,7.4,0,0,0,0
161,M,45,AC,6.9,0,0,0,0
162,M,42,AC,7.9,0,0,0,0
163,F,41,AC,7.3,0,0,0,0
164,F,42,AC,7.8,0,0,0,0
165,F,43,AC,8.5,0,0,0,0
166,M,47,AC,7.1,0,0,0,0
167,M,46,AC,9.5,0,0,0,0
168,M,21,L6,6.3,0,0,0,0
169,M,21,AC,0.0,0,0,0,1
170,M,22,AC,0.0,0,0,0,1
171,M,20,AC,7.0,0,0,0,0
172,M,20,AC,0.1,0,0,0,1
173,M,21,L6,6.7,0,0,0,0
174,M,22,L6,6.4,0,0,0,0
175,M,21,L6,5.0,0,0,0,0
176,F,22,L5,8.8,0,0,0,0
177,M,22,L5,8.1,0,0,0,0
178,M,21,AC,8.2,0,0,0,0
179,M,21,AC,6.9,0,0,0,0
180,M,20,AC,8.6,0,0,0,0
181,M,21,AC,7.6,0,0,0,0
182,M,26,AC,8.4,0,0,0,0
183,M,20,AC,8.6,0,0,0,0
184,M,20,AC,8.0,0,0,0,0
185,M,20,AC,8.8,0,0,0,0
186,F,23,AC,6.8,0,0,0,0
187,M,21,AC,5.1,0,0,0,0
188,M,21,L6,7.3,0,0,0,0
189,M,20,L5,8.0,0,0,0,0
190,M,20,AC,7.6,0,0,0,0
191,M,20,AC,7.8,0,0,0,0
192,M,21,AC,7.5,0,0,0,0
193,M,21,AC,8.4,0,0,0,0
194,M,24,LB_PCD,5.9,0,0,0,0
195,F,27,LB_PPI,4.5,0,0,0,1
196,M,22,LB_Q,5.8,0,0,0,0
197,M,21,LB_PPI,5.9,0,0,0,0
198,M,23,LB_PPI,4.5,0,0,0,0
199,M,24,LI_PCD,8.1,0,0,0,0
200,F,21,LB_EP,8.1,0,0,0,0
201,M,22,LB_EP,8.0,0,0,0,0
202,M,21,LB_PPI,0.1,0,0,0,1
203,F,21,LB_PPI,5.1,0,0,0,0
204,M,22,LB_PPI,5.9,0,0,0,0
205,M,23,LB_PPI,7.9,0,0,0,0
206,M,24,AC,7.6,0,0,0,0
207,M,20,LI_PPI,8.7,0,0,0,0
208,M,21,LI_PPI,6.6,0,0,0,0
209,M,21,LI_PPI,7.4,0,0,0,0
210,F,22,LI_EP,5.7,0,0,0,1
211,M,20,LI_EP,9.0,0,0,0,0
212,M,26,AC,6.3,0,0,0,0
213,M,23,AC,4.5,0,0,0,0
214,F,20,AC,4.8,0,0,0,1
215,M,22,AC,3.4,0,0,0,0
216,M,22,AC,0.0,0,0,0,1
217,M,21,AC,7.7,0,0,0,1
218,M,21,LI_EP,8.2,0,0,0,0
219,M,21,AC,7.1,0,0,0,0
220,M,21,AC,7.9,0,0,0,0
221,M,41,AC,8.1,0,0,0,0
222,M,21,AC,5.5,0,0,0,0
223,M,25,AC,7.8,0,0,0,0
224,M,21,AC,8.5,0,0,0,0
225,F,20,AC,7.3,0,0,0,0
226,F,21,AC,7.6,0,0,0,0
227,M,21,AC,8.1,0,0,0,0
228,M,21,AC,8.8,0,0,0,0
229,M,24,AC,7.3,0,0,0,0
230,M,28,AC,8.9,0,0,0,0
231,M,21,AC,7.0,0,0,0,1
232,M,20,LI_PPI,6.0,0,0,0,0
233,M,21,LI_PPI,7.7,0,0,0,0
234,M,20,LI_PPI,6.2,1,0,0,0
235,M,44,AC,7.1,0,0,0,0
236,F,21,LI_PPI,3.6,0,0,0,1
237,M,21,AC,7.0,0,0,0,0
238,M,42,AC,5.8,0,0,0,0
239,M,40,AC,7.2,0,0,0,0
240,M,40,AC,8.0,0,0,0,0
241,M,38,AC,8.8,0,0,0,0
242,M,38,AC,8.6,1,0,0,0
243,M,41,AC,9.0,0,0,0,0
244,M,42,AC,8.6,0,0,0,0
245,M,43,AC,8.7,0,0,0,0
246,M,41,AC,8.9,1,0,0,0
247,M,22,L2,1.2,0,0,0,1
248,F,22,L1,7.3,0,0,0,0
249,F,27,L1,7.2,0,0,0,0
250,M,21,L2,6.4,0,0,0,0
251,F,22,L1,3.6,0,0,0,0
252,M,22,AC,0.1,0,0,0,1
253,M,25,L6,4.6,0,0,0,0
254,M,22,AC,0.0,0,0,0,1
255,M,24,L2,3.1,0,0,0,0
256,M,23,L2,5.1,1,0,0,0
257,M,27,L1,6.0,0,0,0,0
258,M,21,L2,6.6,0,0,0,1
259,M,21,L1,7.9,0,0,0,0
260,M,22,L5,6.0,0,0,0,0
261,M,26,AC,8.2,0,0,0,0
262,M,24,L6,3.3,1,0,0,0
263,M,23,AC,3.8,0,0,0,0
264,F,22,L5,1.6,0,0,0,1
265,M,21,AC,7.7,0,0,0,0
266,F,23,AC,7.8,0,0,0,0
267,M,23,L6,7.2,0,0,0,0
268,M,34,L6,6.6,0,0,0,0
269,M,21,L6,4.8,0,0,0,0
270,M,21,AC,7.6,0,0,0,0
271,M,21,AC,7.3,0,0,0,0
272,M,26,AC,6.1,0,0,0,0
273,M,23,AC,8.5,0,0,0,1
274,M,22,L5,7.4,0,0,0,0
275,M,24,AC,4.4,0,0,0,0
276,M,23,L5,7.9,0,0,0,0
277,M,23,AC,6.2,0,0,0,0
278,M,22,AC,7.6,0,0,0,0
279,F,21,AC,9.2,0,0,0,0
280,F,22,L6,7.5,0,0,0,0
281,M,24,AC,7.1,0,0,0,0
282,M,22,AC,7.2,0,0,0,0
283,M,26,AC,2.4,1,0,0,0
284,M,22,AC,4.1,0,0,0,0
285,M,22,AC,8.2,0,0,0,0
286,M,27,AC,3.6,0,0,0,1
287,M,22,L2,6.0,1,0,0,0
288,M,21,L1,7.5,0,0,0,0
289,M,25,L6,6.5,0,0,0,0
290,M,26,L2,5.3,0,0,0,0
291,M,21,L5,6.9,0,0,0,0
292,M,23,L2,5.1,0,0,0,0
293,M,22,AC,0.0,0,0,0,1
294,F,21,L5,7.0,0,0,0,0
295,M,22,L2,5.8,0,0,0,0
296,M,22,L1,4.3,0,0,0,0
297,M,26,L1,8.8,0,0,0,0
298,M,22,L1,8.9,0,0,0,1
299,M,23,L6,6.6,0,0,0,0
300,M,22,L6,3.0,0,0,0,1
301,M,21,L6,8.2,0,0,0,0
302,M,27,L6,6.6,0,0,0,0
303,F,22,AC,7.8,0,0,0,0
304,M,21,AC,8.5,0,0,0,0
305,M,23,AC,8.6,0,0,0,0
306,M,22,L5,7.9,0,0,0,0
307,M,22,AC,6.7,0,0,0,0
308,M,24,AC,5.9,0,0,0,0
309,M,22,AC,3.7,0,0,0,1
310,F,25,AC,8.2,0,0,0,1
311,M,24,AC,4.1,0,0,0,0
312,M,23,AC,8.3,0,0,0,0
313,M,22,AC,9.5,0,0,0,0
314,M,24,L5,8.6,0,0,0,0
315,F,21,AC,8.5,0,0,0,0
316,M,23,AC,8.8,0,0,0,0
317,M,22,AC,9.7,0,0,0,0
318,M,26,AC,8.5,0,0,0,0
319,F,23,AC,5.9,0,0,0,0
320,M,23,AC,5.3,0,0,0,0
321,F,24,AC,5.6,0,0,0,0
322,F,23,L1,5.0,0,0,0,0
323,M,25,L1,0.3,0,0,0,1
324,F,23,L1,1.9,0,0,0,0
325,M,31,L2,0.0,0,0,0,1
326,M,23,L1,5.5,0,0,0,0
327,M,23,L1,4.8,1,0,0,0
328,F,24,L1,5.1,0,0,0,0
329,M,23,L2,8.8,0,0,0,0
330,M,24,L6,6.2,0,0,0,0
331,M,24,L6,8.7,1,0,0,0
332,M,24,L5,0.0,0,0,0,1
333,M,27,AC,6.8,0,0,0,0
334,M,23,AC,4.9,0,0,0,0
335,M,23,AC,7.6,0,0,0,0
336,M,24,L5,6.8,0,0,0,0
337,F,29,L6,5.5,1,0,0,0
338,M,28,AC,3.6,0,0,0,0
339,M,22,L5,3.5,0,0,0,0
340,F,22,AC,6.0,0,0,0,0
341,M,23,AC,7.5,0,0,0,0
342,F,24,AC,7.7,0,0,0,0
343,M,24,L6,5.0,1,0,0,0
344,M,23,AC,6.1,0,0,0,0
345,F,23,AC,7.6,0,0,0,0
346,F,27,L6,6.1,0,0,0,0
347,M,26,L5,6.9,0,0,0,0
348,M,22,L5,5.3,0,0,0,0
349,M,29,L1,6.5,0,0,0,0
350,M,22,AC,7.0,0,0,0,1
351,M,22,L1,5.8,0,0,0,1
352,F,29,L2,6.6,0,0,0,0
353,F,22,L6,8.5,0,0,0,0
354,M,23,L6,8.4,0,0,0,0
355,M,23,L6,8.8,0,0,0,0
356,F,24,L6,7.4,0,0,0,0
357,M,24,L1,4.7,0,0,0,0
358,M,25,AC,3.7,0,0,0,1
359,F,23,AC,8.1,0,0,0,0
360,M,23,L2,3.3,0,0,0,1
361,M,23,L2,9.1,0,0,0,0
362,F,22,L1,6.5,0,0,0,0
363,F,23,L2,2.2,0,0,0,0
364,F,24,L2,6.6,0,0,0,0
365,M,23,L1,6.7,0,0,0,0
366,F,23,L2,3.7,0,0,0,0
367,M,25,L1,3.8,0,0,0,0
368,M,24,L6,2.5,0,0,0,1
369,M,22,L6,6.7,0,0,0,0
370,M,22,L6,7.7,0,0,0,0
371,M,23,L5,8.3,0,0,0,0
372,M,23,AC,9.6,0,0,0,0
373,M,23,AC,4.8,0,0,0,0
374,M,29,L5,8.7,0,0,0,0
375,M,22,L6,8.0,0,0,0,0
376,M,22,L6,7.7,0,0,0,0
377,M,23,AC,7.6,0,0,0,0
378,M,22,AC,7.5,0,0,0,0
379,F,22,AC,4.0,0,0,0,1
380,M,22,L5,9.5,0,0,0,0
381,F,25,AC,6.4,0,0,0,0
382,F,24,AC,8.1,0,0,0,0
383,M,23,AC,6.2,0,0,0,0
384,M,23,AC,6.5,0,0,0,0
385,M,25,L5,6.9,0,0,0,0
386,M,23,AC,6.5,0,0,0,0
387,M,24,AC,7.3,0,0,0,0
388,M,23,AC,4.6,0,0,0,0
389,M,22,AC,8.3,0,0,0,0
390,F,22,AC,2.8,0,0,0,0
391,M,28,AC,6.2,0,0,0,0
392,F,24,L2,3.2,0,0,0,0
393,M,24,L1,8.9,1,0,0,0
394,F,33,AC,0.0,0,0,0,1
395,M,23,L5,4.9,0,0,0,0
396,F,23,AC,4.0,0,0,0,1
397,M,23,AC,7.5,0,0,0,0
398,M,31,AC,6.1,0,0,0,0
399,M,27,AC,6.6,1,0,0,0
400,M,29,AC,4.8,1,0,0,0
401,M,25,AC,2.6,0,0,0,1
402,M,23,AC,4.8,0,0,0,0
403,M,29,AC,0.1,0,0,0,1
404,M,28,AC,6.6,0,0,0,0
405,F,24,L1,7.7,0,0,0,0
406,M,24,L2,6.2,0,0,0,0
407,M,24,L2,5.8,0,0,0,0
408,M,23,L1,2.3,0,0,0,1
409,M,23,L2,6.1,0,0,0,0
410,M,23,L1,0.4,0,0,0,1
411,M,33,AC,9.1,0,0,0,0
412,M,27,AC,4.4,0,0,0,0
413,F,23,L6,5.6,1,0,0,0
414,F,24,AC,6.2,0,0,0,0
415,F,26,AC,5.4,0,0,0,1
416,M,25,L5,7.4,0,0,0,0
417,M,23,L5,6.5,0,0,0,0
418,M,25,L1,6.9,0,0,0,0
419,M,23,AC,7.5,0,0,0,0
420,F,23,L5,6.7,0,0,0,0
421,M,23,AC,0.0,0,0,0,1
422,F,30,AC,0.0,0,0,0,1
423,M,25,AC,0.0,0,0,0,1
424,M,24,AC,5.6,0,0,0,0
425,M,26,AC,7.1,0,0,0,1
426,M,24,AC,4.1,0,0,0,0
427,F,42,L6,1.2,0,0,0,1
428,M,30,L6,2.2,0,0,0,1
429,F,23,L1,3.8,0,0,0,1
430,M,26,L2,4.7,0,0,0,0
431,M,26,L2,0.5,0,0,0,1
432,M,24,AC,6.4,0,0,0,1
433,M,24,AC,8.7,0,0,0,0
434,M,34,L1,4.5,0,0,0,1
435,M,26,L1,4.9,0,0,0,1
436,M,26,L2,4.2,0,0,0,0
437,M,37,L6,0.7,0,0,0,1
438,M,26,L6,7.9,0,0,0,0
439,M,27,L1,4.4,0,0,0,0
440,M,23,AC,8.7,0,0,0,0
441,M,24,AC,8.7,0,0,0,0
442,M,25,AC,6.8,0,0,0,0
443,M,25,AC,5.0,0,0,0,1
444,F,24,AC,8.3,0,0,0,0
445,M,24,AC,3.2,0,0,0,0
446,M,26,AC,4.6,0,0,0,0
447,M,25,AC,1.0,0,0,0,1
448,M,25,AC,6.8,0,0,0,0
449,M,23,AC,5.8,0,0,0,0
450,M,26,AC,9.2,0,0,0,0
451,M,23,AC,3.0,0,0,0,1
452,M,23,AC,9.9,0,0,0,0
453,M,26,AC,9.3,0,0,0,0
454,M,24,L5,9.2,0,0,0,0
455,M,24,L5,8.9,0,0,0,0
456,M,24,L5,8.5,0,0,0,0
457,M,24,L5,8.5,0,0,0,0
458,M,25,L5,8.1,0,0,0,0
459,M,25,AC,7.7,1,0,0,0
460,F,24,AC,7.5,0,0,0,0
461,M,29,L6,5.2,0,0,0,0
462,M,33,AC,4.8,0,0,0,0
463,M,25,AC,8.7,0,0,0,0
464,M,25,L5,8.5,0,0,0,0
465,M,27,AC,5.4,0,0,0,1
466,F,44,AC,8.8,0,0,0,0
467,M,32,L2,5.8,0,0,0,1
468,F,27,L1,8.3,0,0,0,0
469,M,24,L1,8.0,0,0,0,0
470,M,25,L2,6.6,0,0,0,0
471,M,26,L1,3.0,0,0,0,1
472,M,29,L1,8.6,0,0,0,0
473,M,25,L1,0.0,0,0,0,1
474,M,38,L2,1.1,1,0,0,1
475,M,27,L1,7.7,0,0,0,0
476,M,27,L6,9.0,0,0,0,0
477,F,26,L6,5.1,0,0,0,1
478,M,24,AC,5.3,0,0,0,1
479,F,26,AC,8.8,0,0,0,1
480,M,35,AC,2.9,0,0,0,1
481,M,26,AC,3.4,0,0,0,1
482,M,25,L5,6.8,0,0,0,0
483,F,24,L5,9.1,0,0,0,0
484,F,24,L5,7.9,0,0,0,0
485,F,28,L6,7.2,0,0,0,0
486,M,25,L5,7.2,0,0,0,0
487,M,31,AC,2.7,0,0,0,1
488,M,25,AC,2.7,0,0,0,1
489,M,28,L5,1.9,0,0,0,0
490,M,28,AC,6.2,0,0,0,0
491,M,31,L5,0.0,0,0,0,1
492,F,25,AC,7.5,0,0,0,0
493,M,39,AC,3.2,0,0,0,0
494,F,24,L2,8.3,0,0,0,1
495,M,25,L2,8.2,0,0,0,0
496,M,25,L2,6.8,0,0,0,0
497,M,24,L1,9.0,0,0,0,0
498,M,27,L2,3.0,0,0,0,0
499,F,24,L1,6.0,0,0,0,0
500,M,25,L2,8.6,0,0,0,0
501,M,24,L2,7.4,0,0,0,0
502,F,26,L1,7.7,0,0,0,0
503,M,33,L6,0.0,0,0,0,1
504,M,28,L6,1.0,0,0,0,1
505,F,32,L5,7.2,0,0,0,0
506,M,37,L5,0.4,0,0,0,1
507,M,26,AC,5.6,0,0,0,0
508,M,25,AC,8.4,0,0,0,1
509,M,24,L5,8.8,0,0,0,0
510,M,24,AC,8.2,0,0,0,0
511,M,27,AC,8.4,0,0,0,0
512,M,32,AC,1.8,0,0,0,1
513,M,25,L6,7.8,0,0,0,0
514,M,25,AC,8.1,0,0,0,0
515,F,24,AC,0.0,0,0,0,1
516,M,24,AC,6.3,0,0,0,0
517,F,25,AC,5.5,0,0,0,1
518,M,25,AC,0.0,0,0,0,1
519,M,25,AC,3.0,0,0,0,1
520,M,24,AC,9.1,0,0,0,0
521,M,25,AC,8.9,0,0,0,1
522,M,30,AC,8.2,0,0,0,0
523,M,25,AC,8.9,0,0,0,0
524,M,25,L5,8.5,0,0,0,0
525,M,26,AC,5.0,0,0,0,1
526,M,24,AC,8.6,0,0,0,0
527,M,25,AC,5.4,0,0,0,1
528,M,28,AC,8.9,0,0,0,0
529,F,25,AC,6.8,0,0,0,0
530,F,24,AC,8.5,0,0,0,0
531,M,24,L5,9.5,0,0,0,0
532,F,25,L5,0.0,0,0,0,1
533,M,34,AC,0.4,1,0,0,1
534,M,27,L2,5.4,0,0,0,1
535,M,25,L2,6.7,0,0,0,0
536,M,26,L1,5.4,0,0,0,0
537,M,26,AC,3.8,0,0,0,1
538,M,26,L5,9.5,0,0,0,0
539,M,33,L2,0.0,0,0,0,1
540,M,32,AC,6.6,0,0,0,0
541,M,26,L1,7.2,0,0,0,0
542,M,27,L1,6.4,0,0,0,0
543,F,26,L2,4.9,0,0,0,0
544,M,27,L1,8.4,1,0,0,0
545,M,27,L2,8.2,0,0,0,0
546,M,32,L2,4.3,0,0,0,1
547,F,27,AC,8.7,0,0,0,0
548,M,61,AC,0.0,0,0,0,1
549,M,30,AC,0.3,1,0,0,1
550,F,33,AC,2.7,0,0,0,1
551,M,35,AC,0.0,0,0,0,1
552,M,47,AC,0.0,1,0,0,1
553,M,30,L6,1.4,0,0,0,1
554,M,28,L6,2.2,0,0,0,0
555,M,37,AC,9.1,0,0,0,1
556,M,41,AC,6.9,0,0,0,0
557,M,34,L1,3.5,0,0,0,0
558,F,26,L6,8.3,0,0,0,0
559,M,26,L6,6.6,0,0,0,0
560,M,50,L6,3.1,0,0,0,1
561,M,25,AC,2.3,0,0,0,1
562,M,26,AC,4.2,0,0,0,1
563,M,25,AC,5.7,0,0,0,0
564,M,26,AC,5.2,0,0,0,0
565,M,26,AC,8.2,0,0,0,0
566,M,29,L5,2.6,0,0,0,1
567,M,33,AC,0.2,0,0,0,1
568,M,29,L5,7.9,0,0,0,0
569,M,27,AC,6.2,0,0,0,0
570,M,28,AC,6.5,0,0,0,0
571,M,27,AC,7.1,0,0,0,0
572,M,27,AC,8.0,0,0,0,1
573,M,27,AC,7.3,0,0,0,0
574,M,27,AC,8.0,0,0,0,0
575,M,27,AC,7.7,0,0,0,0
576,M,26,L5,8.7,0,0,0,0
577,M,25,L5,3.2,0,0,0,1
578,M,27,L6,5.6,0,0,0,0
579,M,26,AC,7.4,0,0,0,0
580,M,35,AC,7.3,0,0,0,0
581,M,26,L2,7.4,0,0,0,0
582,M,25,L1,6.3,0,0,0,0
583,M,26,L2,5.1,0,0,0,0
584,M,25,L1,6.7,0,0,0,0
585,M,26,L2,1.9,1,0,0,1
586,M,27,L5,2.4,0,0,0,1
587,F,25,L2,8.5,0,0,0,0
588,F,29,L6,5.1,0,0,0,0
589,F,25,L5,8.8,0,0,0,0
590,M,26,L2,5.8,0,0,0,0
591,M,41,L6,6.6,1,0,0,0
592,M,27,AC,7.6,0,0,0,0
593,M,27,AC,0.9,0,0,0,1
594,M,36,AC,3.1,0,0,0,1
595,M,25,AC,5.3,0,0,0,0
596,M,27,L5,7.9,0,0,0,1
597,M,25,AC,7.9,0,0,0,0
598,M,26,L2,8.3,0,0,0,0
599,F,26,L1,8.6,0,0,0,0
600,M,43,AC,2.5,1,0,0,1
601,F,50,AC,0.0,0,0,0,1
602,M,27,AC,7.0,0,0,0,0
603,M,26,L6,8.1,0,0,0,0
604,M,26,L6,6.7,0,0,0,0
605,M,26,L6,8.6,0,0,0,0
606,M,26,L6,8.0,0,0,0,0
607,M,27,AC,4.4,0,0,0,1
608,M,26,AC,6.6,0,0,0,0
609,M,26,AC,9.0,0,0,0,0
610,M,26,AC,7.8,0,0,0,0
611,M,26,AC,4.7,0,0,0,0
612,M,26,AC,7.6,0,0,0,0
613,M,26,L5,5.5,0,0,0,0
614,M,29,AC,6.0,0,0,0,1
615,M,25,AC,6.9,0,0,0,1
616,M,25,AC,9.0,0,0,0,0
617,M,25,AC,6.5,0,0,0,0
618,M,26,L5,0.0,0,0,0,1
619,M,26,AC,8.7,0,0,0,0
620,M,25,AC,8.9,0,0,0,0
621,M,25,AC,5.5,0,0,0,0
622,M,27,AC,8.5,0,0,0,0
623,F,27,L1,7.6,0,0,0,0
624,M,32,L5,7.2,0,0,0,0
625,M,27,AC,7.7,0,0,0,0
626,M,32,AC,6.4,0,0,0,0
627,M,31,AC,5.0,0,0,0,1
628,F,28,L5,5.4,0,0,0,1
629,M,31,L2,0.2,1,0,0,1
630,M,47,L1,0.6,0,0,0,1
631,M,37,L6,0.1,1,0,0,1
632,M,29,AC,2.1,0,0,0,1
633,M,35,L2,3.8,0,0,0,1
634,M,38,AC,1.2,0,0,0,1
635,M,30,L6,2.4,0,0,0,1
636,M,32,AC,6.0,0,0,0,0
637,M,26,AC,2.7,0,0,0,1
638,F,26,L1,7.6,0,0,0,0
639,M,32,AC,2.0,0,0,0,1
640,M,31,AC,2.9,0,0,0,1
641,M,27,AC,7.9,0,0,0,0
642,F,36,L2,0.5,1,0,0,1
643,M,28,L1,7.9,0,0,0,0
644,M,27,AC,7.2,1,0,0,0
645,M,38,L5,5.4,0,0,0,0
646,M,28,L5,8.1,0,0,0,0
647,M,34,L2,3.8,1,0,0,1
648,M,27,AC,7.0,0,0,0,0
649,M,33,L6,0.0,0,0,0,1
650,M,27,L1,6.3,0,0,0,0
651,M,27,AC,0.3,0,0,0,1
652,F,27,AC,8.0,1,0,0,0
653,F,27,L5,7.6,0,0,0,0
654,F,27,L1,4.8,0,0,0,1
655,M,27,AC,6.2,0,0,0,0
656,M,32,AC,8.3,0,0,0,0
657,M,26,AC,1.9,0,0,0,1
658,M,32,AC,1.3,0,0,0,1
659,M,27,L5,7.8,0,0,0,0
660,M,26,AC,3.7,0,0,0,1
661,F,27,AC,6.4,0,0,0,0
662,M,27,AC,8.5,0,0,0,0
663,M,40,L6,6.1,1,0,0,0
664,M,27,AC,8.0,0,0,0,0
665,M,32,L2,0.3,1,0,0,1
666,M,26,L6,1.8,0,0,0,1
667,M,31,L6,1.6,0,0,0,1
668,M,27,L1,2.8,0,0,0,1
669,F,29,L1,7.5,0,0,0,0
670,M,28,L6,5.0,0,0,0,0
671,M,26,L2,7.5,0,0,0,0
672,M,31,AC,4.5,1,0,0,0
673,F,35,AC,0.0,0,0,0,1
674,F,38,AC,3.0,0,0,0,1
675,M,29,AC,1.5,0,0,0,1
676,F,33,AC,5.5,1,0,0,1
677,M,28,AC,4.7,0,0,0,1
678,F,27,AC,7.4,0,0,0,0
679,M,27,AC,0.0,0,0,0,1
680,M,27,AC,0.0,0,0,0,1
681,M,26,AC,2.3,0,0,0,1
682,M,27,L2,4.1,0,0,0,1
683,F,26,AC,7.1,0,0,0,0
684,M,26,L2,8.2,0,0,0,0
685,M,27,AC,8.3,0,0,0,0
686,F,26,AC,2.8,0,0,0,1
687,F,27,L6,0.0,1,0,0,1
688,M,27,L5,6.3,0,0,0,0
689,M,30,AC,0.0,0,0,0,1
690,M,27,AC,7.8,0,0,0,1
691,F,27,L5,7.9,0,0,0,0
692,M,31,AC,4.3,0,0,0,1
693,M,26,AC,8.0,0,0,0,0
694,M,26,AC,1.9,0,0,0,1
695,M,26,AC,5.6,0,0,0,1
696,M,27,L1,8.8,0,0,0,0
697,M,26,AC,9.2,0,0,0,0
698,M,26,L9,6.8,1,0,0,0
699,M,26,AC,6.9,0,0,0,0
700,F,27,L2,5.9,0,0,0,0
701,M,26,AC,6.0,0,0,0,1
702,M,27,L2,3.8,0,0,0,1
703,M,26,AC,6.0,0,0,0,0
704,M,27,AC,3.8,0,0,0,1
705,M,29,L5,6.8,0,0,0,1
706,M,26,L6,7.0,0,0,0,0
707,M,31,PAA4,6.9,0,0,0,0
708,M,28,PAA4,5.2,0,0,0,0
709,M,32,PAA4,5.3,0,0,0,1
710,M,35,AC,5.4,0,0,0,0
711,M,35,AC,7.0,0,0,0,0
712,M,39,AC,8.6,0,0,0,0
713,M,30,AC,2.7,1,0,0,1
714,M,39,AC,0.1,1,0,0,1
715,M,61,AC,0.1,0,0,0,1
716,M,44,AC,6.9,0,0,0,0
717,F,29,AC,7.0,0,0,0,0
718,M,43,L5,4.5,0,0,0,0
719,M,33,L6,5.2,1,0,0,1
720,M,27,AC,7.0,0,0,0,0
721,M,29,L6,2.1,0,0,0,1
722,M,28,L2,1.5,0,0,0,1
723,M,30,AC,5.9,0,0,0,0
724,M,30,L1,3.0,0,0,0,1
725,M,31,L6,1.6,1,0,0,1
726,M,32,L2,3.3,0,0,0,1
727,M,27,AC,4.5,0,0,0,0
728,M,27,AC,2.7,0,0,0,1
729,M,35,L1,3.5,0,0,0,0
730,M,28,L6,0.0,0,0,0,1
731,F,32,AC,6.6,0,0,0,0
732,M,30,L6,8.8,0,0,0,0
733,M,29,L5,4.8,0,0,0,1
734,M,28,L5,7.7,0,0,0,0
735,M,30,L6,0.7,0,0,0,1
736,M,28,AC,6.8,0,0,0,0
737,F,33,AC,3.8,1,0,0,0
738,M,34,AC,3.9,0,0,0,0
739,M,27,L1,2.3,0,0,0,1
740,F,28,L2,7.1,0,0,0,0
741,M,33,L1,4.2,1,0,0,0
742,M,27,L5,7.0,0,0,0,0
743,M,29,L1,8.0,0,0,0,0
744,M,27,AC,7.3,0,0,0,0
745,M,30,L2,7.5,0,0,0,0
746,M,32,L2,3.2,0,0,0,1
747,F,28,L5,8.4,0,0,0,0
748,M,28,L2,0.0,0,0,0,1
749,M,28,AC,1.5,0,0,0,1
750,M,28,AC,2.8,0,0,0,1
751,M,29,AC,2.6,0,0,0,1
752,M,31,L5,4.6,0,0,0,0
753,M,27,AC,1.9,0,0,0,1
754,M,29,AC,4.2,0,0,0,1
755,M,32,L6,0.1,0,0,0,1
756,M,29,AC,6.7,1,0,0,0
757,M,43,AC,8.2,0,0,0,0
758,M,49,AC,4.4,0,0,0,0
759,F,34,PAA1,0.1,0,0,0,1
760,M,45,AC,6.6,0,0,0,0
761,M,49,AC,0.0,0,0,0,1
762,M,31,AC,3.3,0,0,0,1
763,M,30,AC,1.4,0,0,0,1
764,M,35,AC,6.4,0,0,0,0
765,M,31,AC,3.3,0,0,0,1
766,M,35,AC,3.5,0,0,0,1
767,F,35,AC,1.8,0,0,0,1
768,M,50,AC,0.3,0,0,0,1
769,M,52,AC,0.4,0,0,0,1
770,M,38,AC,0.1,0,0,0,1
771,F,37,AC,8.7,0,0,0,1
772,M,58,AC,5.3,1,0,0,1
773,M,35,PAA1,2.1,0,0,0,1
774,M,28,PAA4,7.6,0,0,0,0
775,F,28,PAA1,3.2,1,0,0,1
776,M,29,AC,3.1,0,0,0,1
777,M,28,PAA1,2.2,0,0,0,1
778,M,28,AC,2.1,0,0,0,1
779,M,29,AC,2.1,0,0,0,1
780,M,30,AC,7.5,0,0,0,0
781,M,30,AC,6.5,0,0,0,0
782,M,28,AC,1.2,0,0,0,1
783,M,28,AC,6.6,0,0,0,0
784,M,29,AC,0.0,0,0,0,1
785,M,27,AC,7.9,0,0,0,0
786,M,29,PAA2,6.7,0,0,0,0
787,M,29,PAA3,8.5,0,0,0,0
788,F,28,PAA3,0.0,0,0,0,1
789,F,27,AC,8.4,0,0,0,0
790,M,29,AC,0.0,0,0,0,1
791,F,37,AC,0.0,0,0,0,1
792,M,34,PAA2,0.0,0,0,0,1
793,M,29,PAA4,7.7,0,0,0,1
794,M,35,PAA4,0.0,0,0,0,1
795,F,27,PAA1,4.6,0,0,0,1
796,M,31,PAA4,6.7,0,0,0,0
797,M,31,PAA1,8.2,0,0,0,0
798,M,31,AC,5.7,0,0,0,0
799,M,27,PAA2,2.8,0,0,0,1
800,M,31,AC,1.9,0,0,0,1
801,M,27,PAA2,3.0,0,0,0,1
802,M,29,PAA3,0.0,0,0,0,1
803,M,27,AC,2.9,0,0,0,1
804,M,27,PAA3,4.4,0,0,0,1
805,M,28,PAA2,7.9,0,0,0,0
806,M,29,PAA2,4.8,0,0,0,1
807,M,27,AC,6.0,0,0,0,0
808,M,28,AC,2.6,0,0,0,1
809,F,27,PAA3,8.8,0,0,0,0
810,M,31,AC,5.1,0,0,0,0
811,M,30,AC,2.3,0,0,0,1
812,M,30,AC,3.3,1,0,0,0
813,M,30,AC,6.8,0,0,0,0
814,M,29,AC,5.5,1,0,0,0
815,M,29,AC,2.6,0,0,0,1
816,M,29,AC,1.7,0,0,0,1
817,M,35,AC,8.7,0,0,0,0
818,M,31,PAA1,1.2,0,0,0,1
819,M,33,PAA1,2.1,0,0,0,1
820,M,40,PAA4,0.1,0,0,0,1
821,M,39,AC,2.0,0,0,0,1
822,M,38,AC,7.3,0,0,0,1
823,F,31,AC,2.6,0,0,0,1
824,M,28,PAA3,4.5,0,0,0,0
825,M,29,AC,7.5,0,0,0,0
826,M,28,PAA3,6.7,0,0,0,1
827,M,31,PAA2,3.5,1,0,0,1
828,M,37,PAA2,4.2,0,0,0,0
829,M,31,PAA1,0.4,1,0,0,1
830,M,28,PAA1,0.7,0,0,0,1
831,M,34,PAA2,2.3,0,0,0,1
832,M,29,AC,3.2,0,0,0,1
833,M,40,PAA2,0.3,1,0,0,1
834,M,29,AC,3.9,0,0,0,1
835,M,30,AC,7.8,0,0,0,0
836,F,28,AC,6.7,0,0,0,0
837,M,28,PAA1,6.7,0,0,0,0
838,M,28,PAA4,6.5,0,0,0,0
839,M,28,PAA1,7.0,0,0,0,0
840,M,29,PAA4,3.7,0,0,0,1
841,M,30,PAA4,6.4,0,0,0,0
842,M,29,AC,2.8,0,0,0,1
843,M,29,PAA2,3.8,0,0,0,1
844,M,30,AC,3.8,0,0,0,1
845,M,30,AC,4.2,0,0,0,0
846,M,29,PAA2,0.9,0,0,0,1
847,M,28,PAA2,6.1,0,0,0,1
848,M,33,AC,0.0,0,0,0,1
849,M,29,PAA3,3.2,0,0,0,1
850,M,29,AC,6.3,0,0,0,0
851,M,29,AC,4.3,0,0,0,1
852,M,28,AC,5.6,0,0,0,0
853,M,42,PAA2,8.5,0,0,0,0
854,M,30,AC,6.7,0,0,0,1
855,M,28,AC,7.8,0,0,0,0
856,M,28,PAA2,8.0,0,0,0,0
857,M,29,PAA3,6.8,0,0,0,0
858,M,34,PAA1,0.0,0,0,0,1
859,M,28,AC,0.0,0,0,0,1
860,M,34,AC,4.3,0,0,0,1
861,M,31,AC,5.7,0,0,0,0
862,F,30,AC,0.0,0,0,0,1
863,M,41,AC,1.7,0,0,0,1
864,M,38,AC,4.2,1,0,0,1
865,M,56,AC,2.8,0,0,0,1
866,M,35,AC,2.5,0,0,0,1
867,M,29,PAA2,5.8,0,0,0,0
868,M,29,PAA1,8.5,0,0,0,0
869,M,31,PAA3,2.6,0,0,0,1
870,M,29,PAA1,7.0,0,0,0,0
871,F,29,PAA1,8.6,1,0,0,0
872,M,30,PAA4,2.9,0,0,0,1
873,M,39,AC,3.0,1,0,0,1
874,M,38,PAA3,4.3,0,0,0,1
875,F,28,PAA4,5.6,0,0,0,1
876,M,28,PAA1,7.2,0,0,0,0
877,M,36,AC,1.0,1,0,0,1
878,M,30,AC,4.1,0,0,0,1
879,M,30,AC,7.1,0,0,0,0
880,M,29,AC,6.7,0,0,0,0
881,M,28,PAA2,8.6,0,0,0,0
882,M,43,PAA2,4.9,0,0,0,1
883,M,33,AC,5.2,0,0,0,1
884,M,28,AC,5.3,0,0,0,1
885,M,29,AC,2.7,0,0,0,1
886,M,33,AC,2.3,0,0,0,1
887,F,29,AC,8.2,0,0,0,0
888,M,31,PAA2,1.2,0,0,0,1
889,M,31,AC,5.5,0,0,0,1
890,M,31,AC,3.9,0,0,0,1
891,M,28,AC,0.0,0,0,0,1
892,M,29,AC,8.5,0,0,0,0
893,M,35,AC,2.3,0,0,0,1
894,M,29,AC,5.2,0,0,0,0
895,M,28,PAA3,7.0,0,0,0,0
896,M,28,AC,2.8,0,0,0,1
897,M,29,AC,3.7,0,0,0,0
898,M,29,AC,1.1,0,0,0,1
899,M,28,AC,0.0,0,0,0,1
900,M,28,AC,3.8,0,0,0,1
901,M,31,PAA2,3.3,0,0,0,1
902,M,29,PAA1,4.4,0,0,0,1
903,M,31,PAA1,3.9,0,0,0,1
904,F,35,PAA4,4.5,0,0,0,1
905,M,30,PAA1,7.1,0,0,0,0
906,F,33,AC,5.1,0,0,0,0
907,M,30,AC,6.3,0,0,0,0
908,M,35,AC,2.9,0,0,0,1
909,M,31,AC,6.2,0,0,0,1
910,M,36,AC,2.2,0,0,0,1
911,F,31,AC,5.8,0,0,0,0
912,M,37,AC,3.0,0,0,0,1
913,F,34,AC,4.6,0,0,0,1
914,M,30,PAA3,2.7,1,0,0,1
915,M,29,PAA3,3.9,0,0,0,1
916,M,38,PAA1,2.9,0,0,0,1
917,M,56,PAA1,0.0,1,0,0,1
918,M,31,PAA4,3.0,0,0,0,1
919,M,33,AC,7.2,0,0,0,0
920,F,50,AC,3.1,0,0,0,1
921,F,40,AC,0.0,0,0,0,1
922,F,30,PAA4,5.8,0,0,0,1
923,M,28,AC,2.1,0,0,0,1
924,M,29,AC,8.1,0,0,0,0
925,M,29,AC,3.5,0,0,0,1
926,M,29,AC,5.0,0,0,0,0
927,F,49,AC,0.0,0,0,0,1
928,M,37,AC,0.0,0,0,0,1
929,M,32,AC,3.6,0,0,0,1
930,M,30,PAA2,3.4,0,0,0,1
931,M,31,PAA2,7.5,0,0,0,0
932,M,34,PAA2,2.6,0,0,0,1
933,M,30,AC,5.5,0,0,0,0
934,M,34,AC,0.8,0,0,0,1
935,M,32,AC,3.5,0,0,0,1
936,F,34,PAA2,6.4,0,0,0,0
937,M,31,AC,1.5,0,0,0,1
938,F,29,AC,5.8,0,0,0,1
939,M,30,AC,1.7,0,0,0,1
940,M,37,PAA3,3.6,0,0,0,1
941,M,30,AC,3.7,0,0,0,1
942,F,35,AC,6.2,0,0,0,0
943,F,37,PAA3,6.9,0,0,0,0
944,M,30,AC,0.0,0,0,0,1
945,M,30,AC,3.4,0,0,0,1
946,F,29,AC,0.4,0,0,0,1
947,M,30,AC,2.8,0,0,0,1
948,M,38,PAA3,4.1,0,0,0,1
949,M,28,AC,5.7,0,0,0,1
950,F,31,AC,7.0,0,0,0,0
951,F,33,AC,8.3,0,0,0,0
952,M,29,AC,0.0,0,0,0,1
953,M,29,PAA1,1.2,1,0,0,1
954,M,30,PAA4,6.7,0,0,0,0
955,M,31,AC,6.3,0,0,0,0
956,M,30,AC,6.9,0,0,0,0
957,M,37,PAA1,0.2,1,0,0,1
958,M,33,PAA1,6.3,0,0,0,0
959,F,32,PAA1,3.4,0,0,0,1
960,M,31,PAA2,4.5,0,0,0,0
961,M,33,AC,4.7,0,0,0,1
962,M,29,AC,6.8,0,0,0,0
963,M,29,AC,4.5,0,0,0,1
964,M,32,AC,4.0,0,0,0,1
965,M,29,AC,2.5,0,0,0,1
966,M,30,PAA3,8.0,1,0,0,0
967,F,30,PAA2,7.4,0,0,0,0
968,M,35,PAA3,1.4,0,0,0,1
969,M,31,AC,6.4,0,0,0,0
970,M,46,AC,0.0,0,0,0,1
971,M,29,AC,4.0,0,0,0,1
972,M,29,AC,0.0,0,0,0,1
973,F,36,AC,8.2,0,0,0,0
974,M,30,PAA4,6.9,0,0,0,0
975,M,31,AC,2.9,0,0,0,1
976,F,31,AC,6.3,0,0,0,0
977,M,33,AC,0.0,1,0,0,1
978,M,47,PAA1,2.1,0,0,0,1
979,M,37,AC,6.4,1,0,0,0
980,M,30,PAA2,0.0,0,0,0,1
981,M,30,AC,6.0,0,0,0,0
982,M,30,AC,5.0,0,0,0,1
983,M,29,AC,4.8,0,0,0,1
984,F,30,AC,4.7,0,0,0,1
985,M,29,AC,8.3,0,0,0,0
986,M,31,AC,2.9,0,0,0,1
987,M,30,AC,7.1,0,0,0,0
988,F,29,AC,3.5,0,0,0,1
989,M,31,PAA2,3.7,1,0,0,1
990,M,33,PAA3,6.8,0,0,0,0
991,M,29,AC,5.0,0,0,0,1
992,M,30,AC,8.6,0,0,0,0
993,M,30,AC,8.6,0,0,0,0
994,F,29,PAA2,7.5,0,0,0,0
995,F,31,PAA3,7.0,0,0,0,0
996,M,37,PAA4,7.3,0,0,0,1
997,M,62,AC,0.2,0,0,0,1
998,M,42,AC,3.3,0,0,0,1
999,M,40,AC,6.9,1,0,0,1
1000,F,33,AC,7.6,0,0,0,0
1001,F,30,AC,7.1,0,0,0,0
1002,M,35,AC,5.5,0,0,0,0
1003,M,33,AC,2.6,0,0,0,1
1004,M,36,PAA4,6.5,1,0,0,0
1005,M,37,AC,6.6,0,0,0,0
1006,M,30,PAA3,5.1,0,0,0,0
1007,M,32,AC,6.6,0,0,0,0
1008,M,42,AC,4.3,1,0,0,0
1009,M,30,PAA1,2.6,0,0,0,1
1010,M,42,AC,2.5,0,0,0,1
1011,M,39,AC,0.0,1,0,0,1
1012,M,42,AC,0.5,1,0,0,1
1013,M,53,PAA2,4.8,0,0,0,1
1014,M,31,AC,1.6,0,0,0,1
1015,M,31,PAA2,7.1,1,0,0,0
1016,M,30,AC,6.3,1,0,0,1
1017,M,31,AC,1.6,0,0,0,1
1018,M,33,AC,4.4,0,0,0,1
1019,M,31,AC,3.7,0,0,0,1
1020,M,44,AC,0.0,1,0,0,1
1021,M,34,AC,6.2,0,0,0,1
1022,M,32,AC,6.0,0,0,0,0
1023,M,30,AC,0.0,0,0,0,1
1024,M,29,AC,6.8,0,0,0,0
1025,M,30,PAA3,1.7,0,0,0,1
1026,F,34,AC,5.7,0,0,0,0
1027,M,34,AC,7.6,0,0,0,0
1028,M,33,PAA1,3.7,0,0,0,1
1029,M,33,PAA1,0.2,0,0,0,1
1030,M,30,AC,2.7,0,0,0,1
1031,M,31,AC,6.9,0,0,0,0
1032,M,32,AC,0.7,0,0,0,1
1033,M,31,AC,0.9,0,0,0,1
1034,M,35,PAA3,2.6,0,0,0,1
1035,M,30,AC,7.6,0,0,0,1
1036,M,30,AC,7.5,1,0,0,0
1037,M,30,AC,3.3,0,0,0,1
1038,M,40,PAA2,5.3,0,0,0,1
1039,F,29,AC,8.1,0,0,0,0
1040,M,37,PAA1,7.1,0,0,0,0
1041,M,32,AC,6.5,0,0,0,0
1042,M,32,PAA2,5.1,0,0,0,1
1043,F,36,AC,0.1,0,0,0,1
1044,M,31,PAA1,7.8,0,0,0,0
1045,M,32,PAA2,6.5,1,0,0,0
1046,M,46,AC,4.1,0,0,0,1
1047,F,37,AC,1.4,0,0,0,1
1048,M,35,AC,3.9,0,0,0,1
1049,M,31,AC,2.9,1,0,0,1
1050,M,32,PAA1,6.7,1,0,0,0
1051,F,31,PAA3,8.6,1,0,0,0
1052,M,35,AC,1.2,0,0,0,1
1053,M,36,AC,2.9,0,0,0,1
1054,M,30,AC,6.1,0,0,0,0
1055,M,37,AC,0.1,0,0,0,1
1056,M,31,AC,4.9,0,0,0,1
1057,M,38,AC,5.7,0,0,0,1
1058,M,30,AC,3.9,0,0,0,1
1059,F,31,AC,0.0,0,0,0,1
1060,M,31,AC,4.1,0,0,0,1
1061,M,30,AC,5.3,0,0,0,1
1062,M,34,AC,3.1,0,0,0,1
1063,M,31,PAA2,0.0,0,0,0,1
1064,M,30,PAA4,3.3,0,0,0,1
1065,M,30,AC,7.1,0,0,0,1
1066,M,30,AC,4.6,0,0,0,1
1067,M,31,AC,5.4,0,0,0,1
1068,M,31,PAA1,3.4,0,0,0,1
1069,M,31,AC,0.0,0,0,0,1
1070,M,32,AC,7.6,0,0,0,0
1071,M,30,AC,5.0,0,0,0,1
1072,F,32,PAA2,4.4,1,0,0,1
1073,M,31,AC,7.0,0,0,0,0
1074,M,38,AC,0.0,0,0,0,1
1075,M,30,AC,0.0,0,0,0,1
1076,F,30,AC,3.5,0,0,0,1
1077,M,42,PAA2,0.8,0,0,0,1
1078,M,32,AC,4.5,0,0,0,1
1079,M,31,AC,8.1,0,0,0,0
1080,M,30,AC,3.9,0,0,0,1
1081,M,31,PAA2,1.9,0,0,0,1
1082,M,33,AC,3.3,0,0,0,1
1083,M,37,PAA1,0.0,0,0,0,1
1084,M,32,AC,3.9,0,0,0,1
1085,M,35,PAA4,8.2,1,0,0,0
1086,M,30,PAA3,9.0,0,0,0,0
1087,M,49,AC,4.3,1,0,0,1
1088,M,32,AC,2.4,1,0,0,1
1089,M,38,PAA1,3.1,1,0,0,1
1090,M,34,PAA1,2.5,0,0,0,1
1091,M,32,PAA1,5.2,0,0,0,0
1092,M,31,AC,7.7,0,0,0,0
1093,M,34,AC,5.0,0,0,0,1
1094,M,31,PAA4,5.4,0,0,0,0
1095,M,31,AC,8.1,0,0,0,0
1096,M,34,PAA1,5.7,0,0,0,1
1097,M,33,PAA2,5.2,0,0,0,1
1098,M,40,PAA4,8.3,0,0,0,0
1099,M,32,AC,5.4,0,0,0,1
1100,M,32,PAA2,6.6,0,0,0,0
1101,F,31,PAA3,2.8,0,0,0,1
1102,M,31,PAA2,3.2,1,0,0,1
1103,M,31,PAA4,6.7,0,0,0,1
1104,M,37,AC,2.4,0,0,0,1
1105,M,32,AC,7.4,0,0,0,1
1106,M,35,AC,7.1,1,0,0,0
1107,M,41,PAA2,6.0,1,0,0,1
1108,F,34,AC,2.8,0,0,0,1
1109,M,31,AC,7.1,0,0,0,0
1110,M,35,AC,1.4,0,0,0,1
1111,F,31,AC,1.3,0,0,0,1
1112,M,32,AC,3.9,0,0,0,1
1113,M,31,AC,1.2,0,0,0,1
1114,M,32,PAA3,1.1,0,0,0,1
1115,M,31,AC,2.4,0,0,0,1
1116,M,32,PAA3,0.0,0,0,0,1
1117,M,32,AC,5.3,0,0,0,0
1118,M,33,PAA2,2.8,0,0,0,1
1119,M,32,AC,3.7,0,0,0,1
1120,F,31,AC,3.5,0,0,0,1
1121,M,31,AC,6.6,0,0,0,1
1122,F,34,AC,3.8,0,0,0,1
1123,M,40,PAA2,4.1,1,0,0,1
1124,M,32,AC,5.6,0,0,0,1
1125,M,31,AC,7.3,0,0,0,0
1126,F,31,AC,7.8,0,0,0,0
1127,M,32,PAA4,9.1,0,0,0,0
1128,M,32,PAA2,0.0,0,0,0,1
1129,F,34,AC,6.2,1,0,0,0
1130,M,33,PAA4,5.0,1,0,0,1
1131,M,34,AC,0.0,0,0,0,1
1132,M,35,PAA1,3.4,1,0,0,1
1133,M,32,AC,8.6,1,0,0,0
1134,M,32,PAA2,0.5,1,0,0,1
1135,F,33,PAA1,3.4,0,0,0,1
1136,M,32,PAA3,4.4,0,0,0,1
1137,M,37,AC,0.9,1,0,0,1
1138,M,46,AC,4.9,0,0,0,1
1139,M,33,PAA4,8.2,0,0,0,0
1140,M,35,AC,3.7,1,0,0,1
1141,M,39,AC,3.0,0,0,0,1
1142,M,42,AC,2.9,1,0,0,1
1143,M,38,AC,3.1,1,0,0,1
1144,M,32,PAA1,7.4,0,0,0,1
1145,M,31,PAA1,8.3,0,0,0,0
1146,M,32,AC,3.9,0,0,0,1
1147,M,36,AC,3.0,0,0,0,1
1148,M,35,AC,0.0,0,0,0,1
1149,M,32,PAA1,3.7,1,0,0,1
1150,M,34,AC,0.0,0,0,0,1
1151,M,31,AC,0.0,0,0,0,1
1152,M,33,AC,3.3,1,0,0,1
1153,M,35,AC,0.0,0,0,0,1
1154,M,46,PAA3,1.3,1,0,0,1
1155,F,31,PAA2,4.6,1,0,0,1
1156,M,32,AC,0.0,0,0,0,1
1157,M,31,PAA1,2.6,1,0,0,1
1158,M,33,PAA3,0.0,0,0,0,1
1159,M,32,PAA4,6.1,1,0,0,1
1160,M,32,PAA1,0.0,0,0,0,1
1161,M,33,AC,4.3,0,0,0,1
1162,M,31,AC,1.0,0,0,0,1
1163,M,45,AC,0.6,0,0,0,1
1164,M,32,PAA2,0.0,0,0,0,1
1165,M,32,AC,0.1,0,0,0,1
1166,M,32,PAA1,8.9,0,0,0,0
1167,M,32,PAA1,4.6,0,0,0,1
1168,M,31,PAA2,4.4,0,0,0,1
1169,M,32,AC,8.2,1,0,0,0
1170,M,32,PAA2,0.0,0,0,0,1
1171,M,40,AC,6.1,0,0,0,1
1172,M,37,PAA,5.3,0,0,0,1
1173,M,37,PAA,3.4,0,0,0,1
1174,M,34,PAA,3.8,0,0,0,1
1175,M,34,AC,5.2,0,0,0,0
1176,M,47,PAA,0.2,0,0,0,1
1177,M,34,PAA,0.0,1,0,0,1
1178,M,34,AC,4.4,0,0,0,1
1179,F,36,PAA,2.0,0,0,0,1
1180,M,41,AC,4.0,0,0,0,1
1181,M,33,AC,6.0,0,0,0,0
1182,M,33,PAA,7.5,0,0,0,0
1183,M,36,AC,3.5,0,0,0,1
1184,M,40,AC,3.2,0,0,0,1
1185,M,33,PAA,2.6,0,0,0,1
1186,M,32,PAA,4.2,0,0,0,1
1187,F,32,AC,2.5,0,0,0,1
1188,M,33,AC,5.6,1,0,0,0
1189,M,32,PAA,5.2,0,0,0,0
1190,M,35,AC,0.7,0,0,0,1
1191,F,32,PAA,4.9,0,0,0,1
1192,M,36,AC,7.2,0,0,0,0
1193,M,35,AC,7.5,0,0,0,0
1194,M,34,AC,2.8,0,0,0,1
1195,M,39,AC,3.7,0,0,0,1
1196,M,33,PAA,6.9,0,0,0,0
1197,F,34,PAA,6.8,1,0,0,1
1198,M,32,PAA,6.2,1,0,0,1
1199,M,36,AC,3.3,1,0,0,1
1200,M,32,AC,3.3,0,0,0,1
1201,M,38,PAA,4.9,0,0,0,1
1202,M,45,AC,2.8,1,0,0,1
1203,M,34,AC,0.8,0,0,0,1
1204,F,33,PAA,6.4,1,0,0,0
1205,F,33,PAA,3.0,0,0,0,1
1206,M,36,PAA,0.0,0,0,0,1
1207,M,33,AC,4.1,0,0,0,1
1208,M,33,AC,2.2,0,0,0,1
1209,M,35,PAA,7.1,0,0,0,0
1210,M,33,AC,2.8,0,0,0,1
1211,M,32,AC,5.2,0,0,0,0
1212,M,33,PAA,1.1,1,0,0,1
1213,M,55,AC,3.4,0,0,0,1
1214,M,32,AC,5.0,0,0,0,1
1215,F,33,PAA,5.1,0,0,0,1
1216,F,47,AC,7.9,0,0,0,1
1217,M,32,AC,3.9,0,0,0,1
1218,M,41,PAA,2.5,1,0,0,1
1219,F,42,AC,3.5,0,0,0,1
1220,M,49,AC,6.8,0,0,0,0
1221,M,37,AC,3.0,0,0,0,1
1222,M,36,AC,7.7,0,0,0,0
1223,M,42,AC,8.4,0,0,0,0
1224,F,32,PAA,6.0,1,0,0,0
1225,M,33,AC,3.0,0,0,0,1
1226,M,41,PAA,6.0,1,0,0,0
1227,M,43,AC,3.9,0,0,0,1
1228,M,39,PAA,3.9,1,0,0,1
1229,M,33,PAA,1.8,1,0,0,1
1230,M,37,AC,0.0,1,0,0,1
1231,M,36,AC,7.0,1,0,0,0
1232,M,36,AC,2.0,0,0,0,1
1233,M,32,PAA,9.3,0,0,0,0
1234,M,35,PAA,3.4,0,0,0,1
1235,M,34,AC,2.4,0,0,0,1
1236,M,34,AC,2.1,1,0,0,1
1237,M,37,PAA,5.7,0,0,0,0
1238,M,42,AC,1.5,1,0,0,1
1239,M,33,AC,0.0,1,0,0,1
1240,M,33,PAA,0.0,1,0,0,1
1241,M,35,AC,4.3,1,0,0,1
1242,M,41,PAA,3.7,1,0,0,1
1243,M,42,AC,0.1,0,0,0,1
1244,M,73,AC,1.4,0,0,0,1
1245,F,34,AC,4.0,0,0,0,1
1246,M,33,AC,4.2,0,0,0,1
1247,M,32,PAA,3.0,0,0,0,1
1248,M,33,AC,0.6,0,0,0,1
1249,M,37,AC,0.0,0,0,0,1
1250,M,32,AC,0.0,0,0,0,1
1251,M,32,AC,3.2,0,0,0,1
1252,M,33,AC,0.0,0,0,0,1
1253,F,33,AC,0.0,1,0,0,1
1254,M,32,PAA,4.2,0,0,0,1
1255,M,33,AC,1.1,0,0,0,1
1256,M,33,AC,8.5,0,0,0,0
1257,F,33,AC,3.5,0,0,0,1
1258,M,32,AC,8.6,0,0,0,0
1259,M,40,AC,0.6,0,0,0,1
1260,M,36,PAA,8.9,0,0,0,0
1261,F,35,AC,0.0,0,0,0,1
1262,M,34,AC,5.4,0,0,0,0
1263,M,36,AC,1.7,0,0,0,1
1264,M,40,AC,3.3,0,0,0,1
1265,M,34,AC,1.3,0,0,0,1
1266,M,33,PAA,7.9,0,0,0,0
1267,M,36,PAA,5.0,0,0,0,1
1268,M,36,PAA,7.3,0,0,0,0
1269,M,36,PAA,3.4,0,0,0,1
1270,M,39,PAA,4.1,1,0,0,1
1271,M,36,AC,0.0,0,0,0,1
1272,F,33,AC,1.8,0,0,0,1
1273,M,33,PAA,7.6,1,0,0,0
1274,M,35,AC,1.2,0,0,0,1
1275,M,33,AC,4.8,0,0,0,0
1276,M,36,PAA,4.6,1,0,0,1
1277,M,35,AC,3.7,0,0,0,1
1278,M,35,AC,2.7,0,0,0,1
1279,M,37,AC,6.2,1,0,0,0
1280,M,51,AC,0.4,1,0,0,1
1281,M,36,AC,4.4,0,0,0,1
1282,M,34,PAA,3.5,0,0,0,1
1283,M,34,AC,4.5,0,0,0,1
1284,F,36,AC,1.2,1,0,0,1
1285,M,39,AC,7.7,1,0,0,0
1286,M,34,AC,7.7,0,0,0,0
1287,M,35,AC,0.0,0,0,0,1
1288,M,37,PAA,3.5,0,0,0,1
1289,M,35,PAA,1.8,0,0,0,1
1290,M,41,PAA,2.9,1,0,0,1
1291,M,33,AC,5.6,0,0,0,0
1292,M,34,AC,5.4,0,0,0,0
1293,F,34,PAA,6.8,0,0,0,0
1294,M,35,AC,6.0,0,0,0,0
1295,M,33,AC,2.6,0,0,0,1
1296,M,35,AC,6.3,0,0,0,0
1297,M,35,AC,2.1,0,0,0,1
1298,M,33,AC,6.5,0,0,0,0
1299,M,34,PAA,3.8,0,0,0,1
1300,M,35,PAA,2.2,0,0,0,1
1301,M,41,AC,3.9,0,0,0,1
1302,M,37,AC,2.5,0,0,0,1
1303,M,40,AC,7.4,0,0,0,0
1304,M,37,AC,5.1,0,0,0,0
1305,M,40,PAA,5.3,1,0,0,1
1306,M,35,AC,3.5,0,0,0,1
1307,F,38,AC,2.2,1,0,0,1
1308,M,38,AC,3.8,0,0,0,1
1309,M,34,AC,2.1,0,0,0,1
1310,M,35,AC,2.5,0,0,0,1
1311,F,38,AC,6.1,0,0,0,0
1312,M,37,PAA,6.5,0,0,0,0
1313,M,39,PAA,0.1,1,0,0,1
1314,M,36,PAA,4.3,1,0,0,1
1315,M,37,AC,1.1,0,0,0,1
1316,F,42,AC,7.6,0,0,0,0
1317,M,41,PAA,1.1,0,0,0,1
1318,M,35,AC,0.8,0,0,0,1
1319,M,34,AC,3.3,0,0,0,1
1320,M,35,AC,0.5,1,0,0,1
1321,M,33,AC,7.9,0,0,0,0
1322,M,33,AC,0.0,0,0,0,1
1323,M,46,PAA,0.3,0,0,0,1
1324,F,33,PAA,7.7,1,0,0,1
1325,M,36,AC,1.6,1,0,0,1
1326,M,34,PAA,3.0,1,0,0,1
1327,M,34,AC,2.9,0,0,0,1
1328,M,38,AC,6.2,0,0,0,0
1329,M,37,AC,3.5,0,0,0,1
1330,M,33,AC,1.0,0,0,0,1
1331,M,33,AC,1.0,0,0,0,1
1332,M,34,AC,0.6,0,0,0,1
1333,M,38,AC,1.4,1,0,0,1
1334,M,44,AC,5.4,1,0,0,1
1335,M,35,AC,1.7,0,0,0,1
1336,M,33,AC,0.0,0,0,0,1
1337,M,35,AC,0.1,0,0,0,1
1338,M,33,PAA,0.0,0,0,0,1
1339,M,62,AC,3.9,0,0,0,0
1340,M,55,AC,7.7,1,0,0,0
1341,F,44,PAA,6.7,1,0,0,0
1342,M,33,AC,2.6,0,0,0,1
1343,F,53,AC,9.0,0,0,0,0
1344,M,33,AC,0.5,0,0,0,1
1345,M,59,AC,5.1,1,0,0,1
1346,M,40,AC,4.6,0,0,0,0
1347,M,33,PAA,0.8,0,0,0,1
1348,M,33,PAA,8.4,1,0,0,0
1349,F,52,AC,7.1,0,0,0,0
1350,M,34,AC,4.2,0,0,0,1
1351,M,39,AC,8.5,0,0,0,1
1352,M,49,AC,1.9,1,0,0,1
1353,F,35,AC,4.1,0,0,0,1
1354,M,34,AC,4.3,0,0,0,1
1355,M,40,AC,3.5,0,0,0,1
1356,M,35,AC,2.8,0,0,0,1
1357,M,35,AC,3.9,0,0,0,1
1358,M,34,AC,4.0,0,0,0,1
1359,M,37,AC,4.2,1,0,0,1
1360,M,40,AC,4.6,1,0,0,1
1361,M,35,AC,5.3,0,0,0,1
1362,M,38,AC,2.2,0,0,0,1
1363,M,35,AC,7.8,0,0,0,0
1364,M,35,AC,2.3,0,0,0,1
1365,M,35,AC,4.7,0,0,0,1
1366,M,39,AC,8.0,1,0,0,0
1367,M,62,AC,0.2,0,0,0,1
1368,M,42,AC,3.2,0,0,0,1
1369,M,38,AC,7.4,0,0,0,0
1370,M,34,AC,7.5,0,0,0,0
1371,M,33,AC,4.3,0,0,0,1
1372,M,37,AC,2.6,0,0,0,1
1373,M,35,AC,4.1,0,0,0,1
1374,M,55,AC,8.6,0,0,0,0
1375,M,34,AC,4.2,0,0,0,1
1376,M,35,AC,4.0,0,0,0,1
1377,M,34,AC,7.1,0,0,0,0
1378,F,34,AC,5.5,0,0,0,1
1379,M,35,AC,8.0,0,0,0,0
1380,M,39,AC,3.6,1,0,0,1
1381,F,52,AC,8.9,0,0,0,0
1382,M,37,AC,6.1,0,0,0,0
1383,F,41,AC,5.6,1,0,0,0
1384,M,42,AC,6.5,0,0,0,1
1385,M,35,AC,7.5,1,0,0,0
1386,M,35,AC,5.0,1,0,0,0
1387,M,35,AC,5.8,0,0,0,0
1388,M,35,AC,6.2,0,0,0,1
1389,M,35,AC,3.4,0,0,0,1
1390,M,38,AC,5.9,0,0,0,0
1391,M,46,AC,0.0,0,0,0,1
1392,M,58,AC,0.8,0,0,0,1
1393,M,37,AC,6.5,0,0,0,0
1394,M,35,AC,6.6,0,0,0,0
1395,M,35,AC,6.9,0,0,0,0
1396,M,35,AC,5.9,0,0,0,0
1397,M,35,AC,2.6,1,0,0,1
1398,M,34,AC,1.8,0,0,0,1
1399,F,37,AC,4.1,1,0,0,1
1400,M,39,AC,2.7,0,0,0,1
1401,M,39,AC,7.1,1,0,0,0
1402,M,35,AC,1.7,0,0,0,1
1403,M,43,AC,4.0,0,0,0,1
1404,M,37,AC,5.8,1,0,0,0
1405,M,35,AC,3.7,1,0,0,1
1406,M,38,AC,7.0,0,0,0,0
1407,M,34,AC,6.6,0,0,0,1
1408,M,34,AC,7.1,0,0,0,0
1409,M,36,AC,1.4,0,0,0,1
1410,M,35,AC,3.7,1,0,0,1
1411,M,37,AC,3.5,1,0,0,1
1412,M,35,AC,3.9,0,0,0,1
1413,M,35,AC,2.3,0,0,0,1
1414,F,35,AC,0.0,0,0,0,1
1415,M,52,AC,6.3,1,0,0,0
1416,M,37,AC,5.7,0,0,0,0
1417,M,35,AC,0.0,0,0,0,1
1418,M,39,AC,6.7,0,0,0,0
1419,M,35,AC,1.1,0,0,0,1
1420,M,36,AC,4.5,0,0,0,1
1421,F,34,AC,0.7,0,0,0,1
1422,M,34,AC,6.8,0,0,0,0
1423,M,35,AC,6.1,0,0,0,0
1424,M,36,AC,2.7,0,0,0,1
1425,M,34,AC,0.0,0,0,0,1
1426,M,35,AC,0.0,0,0,0,1
1427,M,36,AC,3.3,0,0,0,1
1428,F,34,AC,8.7,0,0,0,0
1429,F,36,AC,4.0,0,0,0,1
1430,M,34,AC,0.0,0,0,0,1
1431,M,39,AC,6.7,0,0,0,0
1432,M,35,AC,4.4,0,0,0,1
1433,M,35,AC,5.7,0,0,0,1
1434,M,44,AC,6.5,0,0,0,0
1435,M,253,AC,7.6,0,0,0,0
1436,F,52,AC,8.3,0,0,0,0
1437,F,55,AC,8.3,1,0,0,0
1438,M,55,AC,6.9,0,0,0,0
1439,F,52,AC,8.1,0,0,0,0
1440,F,52,AC,6.9,0,0,0,0
1441,F,52,AC,8.0,0,0,0,0
1442,M,54,AC,6.9,0,0,0,0
1443,M,55,AC,1.0,1,0,0,1
1444,M,52,AC,7.4,0,0,0,0
1445,M,56,AC,4.0,0,0,0,1
1446,M,52,AC,7.8,0,0,0,0
1447,F,54,AC,7.0,0,0,0,0
1448,M,54,AC,8.4,0,0,0,0
1449,F,55,AC,7.7,0,0,0,0
1450,M,54,AC,4.2,1,0,0,0
1451,F,56,AC,5.9,1,0,0,0
1452,F,52,AC,8.3,1,0,0,0
1453,F,52,AC,7.6,0,0,0,0
1454,M,38,AC,2.9,0,0,0,1
1455,M,40,AC,5.1,0,0,0,0
1456,M,40,AC,3.1,0,0,0,1
1457,F,52,AC,7.2,0,0,0,0
1458,M,55,AC,6.0,0,0,0,0
1459,M,52,AC,2.3,0,0,0,1
1460,M,51,AC,8.5,0,0,0,0
1461,F,51,AC,7.5,0,0,0,0
1462,M,51,AC,7.3,0,0,0,0
1463,M,52,AC,3.0,0,0,0,1
1464,M,53,AC,7.1,0,0,0,0
1465,F,54,AC,6.6,0,0,0,0
1466,F,52,AC,7.9,0,0,0,0
1467,M,53,AC,8.1,1,0,0,0
1468,M,54,AC,7.2,0,0,0,0
1469,M,52,AC,8.2,0,0,0,0
1470,M,52,AC,6.7,0,0,0,0
1471,M,53,AC,7.6,0,0,0,0
1472,M,54,AC,6.4,0,0,0,0
1473,M,52,AC,7.4,0,0,0,0
1474,F,52,AC,8.3,0,0,0,0
1475,F,52,AC,7.6,0,0,0,0
1476,M,50,AC,6.6,0,0,0,0
1477,F,50,AC,6.6,0,0,0,0
1478,M,52,AC,7.0,0,0,0,0
1479,M,52,AC,5.7,0,0,0,0
1480,F,54,AC,6.0,0,0,0,0
1481,M,50,AC,7.3,0,0,0,0
1482,M,50,AC,6.8,0,0,0,0
1483,M,50,AC,7.5,0,0,0,0
1484,F,52,AC,6.6,0,0,0,0
1485,M,52,AC,8.8,0,0,0,0
1486,M,55,AC,5.7,1,0,0,0
1487,M,36,AC,5.0,0,0,0,1
1488,M,36,AC,3.7,0,0,0,1
1489,M,52,AC,9.5,0,0,0,0
1490,M,53,AC,7.6,0,0,0,0
1491,M,40,AC,5.3,1,0,0,1
1492,M,38,AC,6.1,0,0,0,0
1493,M,35,AC,2.9,0,0,0,1
1494,M,40,AC,2.3,0,0,0,1
1495,M,51,AC,5.8,0,0,0,0
1496,M,44,AC,4.3,0,0,0,1
1497,M,43,AC,5.5,0,0,0,1
1498,F,36,AC,0.0,0,0,0,1
1499,M,41,AC,8.4,0,0,0,0
1500,M,51,AC,7.0,0,0,0,0
1501,M,35,AC,3.3,0,0,0,1
1502,M,35,AC,3.2,0,0,0,1
1503,M,52,AC,7.5,0,0,0,0
1504,M,41,AC,2.4,0,0,0,1
1505,M,43,AC,1.9,0,0,0,1
1506,F,43,AC,3.5,0,0,0,1
1507,M,37,AC,1.2,0,0,0,1
1508,M,35,AC,0.0,0,0,0,1
1509,M,36,AC,3.0,0,0,0,1
1510,F,51,AC,7.4,0,0,0,0
1511,M,46,AC,3.7,0,0,0,1
1512,F,40,AC,6.8,0,0,0,0
1513,M,39,AC,4.7,0,0,0,1
1514,M,40,AC,7.0,0,0,0,0
1515,M,38,AC,4.8,0,0,0,1
1516,M,40,AC,7.8,0,0,0,1
1517,M,42,AC,5.9,0,0,0,0
1518,M,40,AC,6.4,0,0,0,0
1519,M,51,AC,8.1,1,0,0,0
1520,M,42,AC,2.6,0,0,0,1
1521,M,39,AC,5.3,0,0,0,1
1522,M,37,AC,5.0,1,0,0,1
1523,M,36,AC,6.3,0,0,0,1
1524,M,37,AC,5.2,0,0,0,1
1525,M,39,AC,7.5,0,0,0,0
1526,M,41,AC,7.5,0,0,0,0
1527,M,45,AC,7.6,0,0,0,0
1528,M,39,AC,7.9,0,0,0,0
1529,M,43,AC,3.8,0,0,0,1
1530,M,43,AC,6.3,0,0,0,0
1531,F,41,AC,5.8,0,0,0,0
1532,M,42,AC,4.7,0,0,0,1
1533,M,35,AC,2.0,0,0,0,1
1534,F,50,AC,7.5,0,0,0,0
1535,M,49,AC,7.6,0,0,0,0
1536,M,54,AC,5.1,0,0,0,0
1537,F,52,AC,7.4,1,0,0,0
1538,M,53,AC,5.6,1,0,0,0
1539,M,50,AC,6.5,0,0,0,0
1540,F,50,AC,7.4,0,0,0,0
1541,M,51,AC,6.9,0,0,0,0
1542,M,52,AC,7.7,0,0,0,0
1543,M,51,AC,5.5,0,0,0,1
1544,F,52,AC,6.1,0,0,0,0
1545,M,51,AC,2.3,0,0,0,1
1546,F,51,AC,7.3,0,0,0,0
1547,M,51,AC,6.1,0,0,0,0
1548,M,51,AC,6.7,0,0,0,0
1549,M,57,AC,4.8,0,0,0,0
1550,M,50,AC,6.2,0,0,0,0
1551,M,52,AC,7.4,0,0,0,0
1552,M,52,AC,5.9,0,0,0,0
1553,F,51,AC,7.4,0,0,0,0
1554,M,50,AC,7.4,0,0,0,0
1555,M,52,AC,5.5,0,0,0,0
1556,F,52,AC,7.7,1,0,0,0
1557,M,53,AC,5.1,0,0,0,0
1558,M,50,AC,8.2,0,0,0,0
1559,M,52,AC,7.3,0,0,0,0
1560,M,52,AC,2.7,0,0,0,1
1561,M,51,AC,6.5,0,0,0,0
1562,M,49,AC,7.0,0,0,0,0
1563,M,49,AC,7.5,0,0,0,0
1564,M,53,AC,5.3,0,0,0,0
1565,M,50,AC,5.2,0,0,0,0
1566,M,50,AC,7.1,0,0,0,0
1567,F,49,AC,3.7,0,0,0,1
1568,F,49,AC,7.1,0,0,0,0
1569,M,49,AC,7.4,0,0,0,0
1570,M,50,AC,0.0,0,0,0,1
1571,F,51,AC,4.0,0,0,0,1
1572,F,49,AC,8.4,0,0,0,0
1573,M,51,AC,6.8,0,0,0,0
1574,M,49,AC,8.5,0,0,0,0
1575,M,51,AC,7.4,0,0,0,0
1576,M,50,AC,6.8,0,0,0,0
1577,F,48,AC,7.0,0,0,0,0
1578,M,39,AC,8.1,0,0,0,0
1579,M,41,AC,0.2,0,0,0,1
1580,F,50,AC,5.9,0,0,0,0
1581,M,51,AC,6.2,0,0,0,0
1582,M,51,AC,7.1,0,0,0,0
1583,F,49,AC,6.8,0,0,0,0
1584,M,49,AC,0.0,0,0,0,1
1585,M,49,AC,7.5,0,0,0,0
1586,F,48,AC,8.5,0,0,0,0
1587,M,51,AC,7.0,0,0,0,0
1588,M,50,AC,7.0,0,0,0,0
1589,F,47,AC,4.1,0,0,0,1
1590,M,50,AC,6.5,0,0,0,0
1591,M,49,AC,7.6,0,0,0,0
1592,M,50,AC,8.5,0,0,0,0
1593,M,50,AC,5.6,0,0,0,0
1594,M,49,AC,5.8,0,0,0,0
1595,F,50,AC,0.0,0,0,0,1
1596,F,51,AC,6.3,0,0,0,1
1597,M,50,AC,5.7,0,0,0,0
1598,M,50,AC,0.0,0,0,0,1
1599,F,50,AC,5.8,0,0,0,0
1600,M,61,AC,7.6,1,0,0,0
1601,F,48,AC,7.9,0,0,0,0
1602,M,49,AC,8.1,0,0,0,0
1603,M,51,AC,0.0,0,0,0,1
1604,M,47,AC,8.1,0,0,0,0
1605,M,48,AC,7.7,0,0,0,0
1606,M,49,AC,0.0,0,0,0,1
1607,M,50,AC,0.0,0,0,0,1
1608,M,50,AC,6.5,0,0,0,0
1609,M,49,AC,8.2,0,0,0,0
1610,M,47,AC,7.3,0,0,0,0
1611,M,48,AC,6.9,0,0,0,0
1612,M,47,AC,7.2,0,0,0,0
1613,F,47,AC,0.0,0,0,0,1
1614,M,54,AC,0.0,0,0,0,1
1615,M,49,AC,8.4,0,0,0,0
1616,M,57,AC,6.7,0,0,0,0
1617,M,50,AC,0.0,0,0,0,1
1618,M,55,AC,0.0,0,0,0,1
1619,M,49,AC,0.0,0,0,0,1
1620,M,47,AC,0.0,0,0,0,1
1621,F,49,AC,0.0,0,0,0,1
1622,F,48,AC,8.5,0,0,0,0
1623,M,48,AC,0.0,0,0,0,1
1624,M,51,AC,2.6,0,0,0,1
1625,M,49,AC,0.0,0,0,0,1
1626,M,50,AC,0.0,0,0,0,1
1627,F,47,AC,8.0,0,0,0,0
1628,M,47,AC,4.2,0,0,0,0
1629,M,48,AC,0.0,0,0,0,1
1630,M,54,AC,0.0,0,0,0,1
1631,M,48,AC,7.7,0,0,0,0
1632,M,49,AC,8.4,1,0,0,0
1633,F,49,AC,7.8,0,0,0,0
1634,F,47,AC,2.9,0,0,0,1
1635,M,48,AC,2.7,0,0,0,1
1636,M,49,AC,8.6,0,0,0,0
1637,M,49,AC,8.3,0,0,0,0
1638,M,47,AC,7.1,0,0,0,0
1639,M,47,AC,4.3,0,0,0,0
1640,F,49,AC,7.1,0,0,0,0
1641,F,49,AC,7.5,1,0,0,0
1642,M,51,AC,5.2,0,0,0,0
1643,M,48,AC,4.9,0,0,0,1
1644,M,48,AC,6.4,0,0,0,0
1645,M,49,AC,0.0,0,0,0,1
1646,M,50,AC,8.1,0,0,0,0
1647,M,45,AC,5.3,0,0,0,1
1648,F,49,AC,0.0,0,0,0,1
1649,M,46,AC,7.9,0,0,0,0
1650,M,63,AC,3.5,0,0,0,1
1651,M,51,AC,5.5,0,0,0,1
1652,M,50,AC,2.0,0,0,0,1
1653,M,50,AC,7.5,0,0,0,0
1654,M,46,AC,7.2,0,0,0,0
1655,M,45,AC,2.1,0,0,0,1
1656,M,44,AC,6.7,0,0,0,0
1657,M,44,AC,7.8,0,0,0,0
1658,M,45,AC,6.3,1,0,0,0
1659,M,45,AC,6.1,0,0,0,0
1660,M,43,AC,5.7,0,0,0,1
1661,M,44,AC,1.8,0,0,0,1
1662,M,44,AC,1.9,0,0,0,1
1663,M,42,AC,3.8,0,0,0,1
1664,M,42,AC,5.5,0,0,0,0
1665,M,60,AC,1.1,0,0,0,1
1666,M,45,AC,7.1,0,0,0,0
1667,M,46,AC,3.6,0,0,0,1
1668,M,44,AC,4.9,0,0,0,1
1669,M,45,AC,7.3,0,0,0,0
1670,M,44,AC,7.1,0,0,0,0
1671,M,44,AC,6.0,0,0,0,0
1672,M,47,AC,8.5,0,0,0,0
1673,M,42,AC,7.7,0,0,0,1
1674,M,42,AC,0.0,0,0,0,1
1675,M,43,AC,5.8,0,0,0,0
1676,M,44,AC,6.8,0,0,0,0
1677,M,44,AC,6.6,0,0,0,1
1678,M,48,AC,7.0,0,0,0,0
1679,M,42,AC,6.1,0,0,0,0
1680,M,42,AC,2.2,0,0,0,1
1681,M,47,AC,7.0,0,0,0,0
1682,F,43,AC,7.4,0,0,0,0
1683,M,40,AC,7.5,0,0,0,0
1684,M,41,AC,7.2,0,0,0,0
1685,M,40,AC,0.0,0,0,0,1
1686,F,41,AC,5.8,0,0,0,1
1687,M,41,AC,6.7,0,0,0,0
1688,M,42,AC,7.8,0,0,0,0
1689,M,48,AC,5.9,0,0,0,0
1690,M,46,AC,8.3,0,0,0,0
1691,M,40,AC,5.7,1,0,0,1
1692,M,41,AC,7.7,0,0,0,0
1693,M,51,AC,0.0,0,0,0,1
1694,M,42,AC,7.1,0,0,0,0
1695,M,44,AC,8.3,0,0,0,0
1696,M,41,AC,6.2,0,0,0,1
1697,M,42,AC,0.0,0,0,0,1
1698,F,40,AC,6.8,0,0,0,0
1699,M,40,AC,0.1,0,0,0,1
1700,M,41,AC,6.9,0,0,0,0
1701,F,41,AC,5.4,0,0,0,1
1702,M,44,AC,8.1,0,0,0,0
1703,M,43,AC,6.8,1,0,0,0
1704,F,41,AC,5.4,0,0,0,1
1705,M,42,AC,5.8,0,0,0,0
1706,M,41,AC,4.6,0,0,0,0
1707,F,42,AC,7.9,0,0,0,0
1708,M,42,AC,4.7,0,0,0,1
1709,M,41,AC,5.2,0,0,0,0
1710,M,42,AC,7.0,0,0,0,0
1711,M,42,AC,7.3,0,0,0,0
1712,M,46,AC,0.0,0,0,0,1
1713,F,47,AC,7.4,0,0,0,0
1714,M,49,AC,6.6,0,0,0,0
1715,M,44,AC,2.3,0,0,0,1
1716,M,48,AC,6.8,0,0,0,0
1717,M,38,AC,7.9,0,0,0,0
1718,M,42,AC,2.2,0,0,0,1
1719,M,41,AC,4.5,0,0,0,1
1720,M,42,AC,7.8,0,0,0,0
1721,M,39,AC,7.2,0,0,0,0
1722,M,41,AC,0.5,1,0,0,1
1723,M,40,AC,2.4,0,0,0,1
1724,M,40,AC,6.2,0,0,0,0
1725,M,39,AC,7.6,0,0,0,0
1726,M,40,AC,2.4,0,0,0,1
1727,M,39,AC,8.4,0,0,0,0
1728,M,39,AC,0.0,0,0,0,1
1729,M,44,AC,0.0,0,0,0,1
1730,M,38,AC,6.4,0,0,0,0
1731,M,41,AC,6.2,0,0,0,0
1732,M,41,AC,6.9,0,0,0,0
1733,M,45,AC,6.8,0,0,0,0
1734,M,53,AC,6.4,0,0,0,1
1735,M,39,AC,6.1,0,0,0,0
1736,M,38,AC,1.7,0,0,0,1
1737,M,39,AC,0.0,1,0,0,1
1738,M,39,AC,4.1,0,0,0,1
1739,M,40,AC,0.0,0,0,0,1
1740,M,41,AC,2.2,0,0,0,1
1741,M,41,AC,3.4,0,0,0,1
1742,M,40,AC,5.8,0,0,0,0
1743,M,38,AC,6.4,0,0,0,0
1744,M,39,AC,7.7,0,0,0,0
1745,M,45,AC,5.4,1,0,0,0
1746,M,48,AC,6.5,0,0,0,0
1747,F,36,AC,3.8,0,0,0,1
1748,M,38,AC,0.0,0,0,0,1
1749,F,37,AC,7.7,0,0,0,0
1750,M,37,AC,2.5,0,0,0,1
1751,M,48,AC,6.5,0,0,0,0
1752,M,36,AC,2.6,0,0,0,1
1753,M,37,AC,8.0,0,0,0,1
1754,M,44,AC,4.5,0,0,0,1
1755,M,38,AC,0.3,0,0,0,1
1756,M,36,AC,4.1,0,0,0,1
1757,F,48,AC,6.2,0,0,0,0
1758,M,40,AC,3.2,0,0,0,1
1759,M,50,AC,6.6,0,0,0,0
1760,M,42,AC,1.8,1,0,0,1
1761,F,50,AC,7.5,0,0,0,0
1762,M,37,AC,6.3,0,0,0,1
1763,M,40,AC,1.5,0,0,0,1
1764,M,38,AC,4.6,0,0,0,1
1765,M,36,AC,3.1,0,0,0,1
1766,M,40,AC,8.0,0,0,0,0
1767,M,40,AC,1.5,0,0,0,1
1768,M,35,AC,0.0,0,0,0,1
1769,M,39,AC,7.3,0,0,0,0
1770,M,41,AC,2.0,0,0,0,1
1771,M,35,AC,3.5,0,0,0,1
1772,M,36,AC,5.4,0,0,0,1
1773,M,35,AC,3.5,0,0,0,1
1774,M,35,AC,0.0,0,0,0,1
1775,F,36,AC,4.5,0,0,0,1
1776,M,46,AC,7.5,0,0,0,0
1777,M,37,AC,2.6,0,0,0,1
1778,M,37,AC,7.8,0,0,0,0
1779,M,37,AC,4.0,0,0,0,1
1780,M,38,AC,4.4,0,0,0,1
1781,M,36,AC,3.3,0,0,0,1
1782,M,37,AC,2.3,0,0,0,1
1783,M,37,AC,6.5,0,0,0,0
1784,M,47,AC,7.9,0,0,0,0
1785,M,49,AC,6.4,0,0,0,0
1786,F,37,AC,7.0,0,0,0,0
1787,M,37,AC,7.3,0,0,0,0
1788,M,47,AC,6.3,0,0,0,0
1789,M,41,AC,5.2,0,0,0,0
1790,M,40,AC,7.4,0,0,0,1
1791,M,36,AC,5.6,0,0,0,1
1792,M,38,AC,7.7,0,0,0,0
1793,M,38,AC,1.3,0,0,0,1
1794,F,38,AC,4.9,0,0,0,1
1795,M,36,AC,4.6,0,0,0,1
1796,M,39,AC,3.4,0,0,0,1
1797,M,40,AC,3.8,0,0,0,1
1798,M,40,AC,2.4,1,0,0,1
1799,F,36,AC,1.9,0,0,0,1
1800,M,37,AC,0.0,0,0,0,1
1801,M,37,AC,6.2,0,0,0,0
1802,M,38,AC,3.1,0,0,0,1
1803,M,37,AC,2.0,0,0,0,1
1804,M,36,AC,4.1,0,0,0,1
1805,M,38,AC,4.1,0,0,0,1
1806,M,36,AC,5.4,0,0,0,1
1807,F,36,AC,2.4,0,0,0,1
1808,M,37,AC,4.4,0,0,0,1
1809,M,35,AC,1.1,0,0,0,1
1810,M,37,AC,0.0,0,0,0,1
1811,M,36,AC,1.6,0,0,0,1
1812,M,37,AC,2.1,0,0,0,1
1813,M,36,AC,2.0,0,0,0,1
1814,M,38,AC,3.4,0,0,0,1
1815,F,36,AC,0.5,0,0,0,1
1816,M,37,AC,2.2,0,0,0,1
1817,M,38,AC,3.4,0,0,0,1
1818,M,40,AC,4.1,0,0,0,1
1819,M,41,AC,7.4,0,0,0,0
1820,F,41,AC,7.6,0,0,0,0
1821,M,37,AC,6.5,0,0,0,0
1822,M,42,AC,3.4,0,0,0,1
1823,M,38,AC,1.3,0,0,0,1
1824,M,38,AC,2.7,0,0,0,1
1825,M,38,AC,5.2,0,0,0,1
1826,M,42,AC,6.4,0,0,0,0
1827,M,37,AC,6.3,0,0,0,0
1828,M,38,AC,0.0,0,0,0,1
1829,M,38,AC,7.4,0,0,0,0
1830,M,40,AC,5.5,0,0,0,0
1831,M,37,AC,3.7,0,0,0,1
1832,M,39,AC,5.6,0,0,0,1
1833,M,37,AC,6.7,0,0,0,1
1834,M,39,AC,0.0,0,0,0,1
1835,M,41,AC,6.4,0,0,0,0
1836,M,39,AC,7.8,0,0,0,0
1837,M,38,AC,9.0,0,0,0,0
1838,M,45,AC,6.5,0,0,0,0
1839,F,46,AC,6.7,0,0,0,0
1840,M,49,AC,8.6,0,0,0,0
1841,M,37,AC,4.7,0,0,0,0
1842,M,37,AC,5.6,0,0,0,0
1843,M,35,AC,0.0,0,0,0,1
1844,M,49,AC,5.3,1,0,0,1
1845,M,46,AC,4.5,0,0,0,1
1846,M,44,AC,3.3,0,0,0,1
1847,M,54,AC,7.3,1,0,0,0
1848,M,43,AC,7.1,0,0,0,0
1849,M,45,AC,4.4,0,0,0,1
1850,M,42,AC,6.6,0,0,0,0
1851,M,35,AC,5.4,0,0,0,1
1852,M,45,AC,6.7,0,0,0,0
1853,M,40,AC,6.4,0,0,0,0
1854,M,37,AC,5.5,0,0,0,1
1855,M,39,AC,7.9,0,0,0,0
1856,M,39,AC,8.5,0,0,0,0
1857,M,35,AC,3.7,0,0,0,1
1858,M,38,AC,6.5,0,0,0,1
1859,M,36,AC,0.0,0,0,0,1
1860,F,36,AC,0.0,0,0,0,1
1861,M,37,AC,0.8,0,0,0,1
1862,M,47,AC,1.1,0,0,0,1
1863,M,36,AC,1.9,0,0,0,1
1864,M,35,AC,3.8,0,0,0,1
1865,M,36,AC,1.6,0,0,0,1
1866,M,35,AC,4.6,0,0,0,1
1867,M,35,AC,0.0,0,0,0,1
1868,M,37,AC,7.8,1,0,0,0
1869,M,36,AC,1.6,0,0,0,1
1870,M,36,AC,6.1,0,0,0,0
1871,M,38,AC,5.2,0,0,0,1
1872,M,35,AC,6.9,0,0,0,0
1873,M,38,AC,2.3,1,0,0,1
1874,F,49,AC,8.4,0,0,0,0
1875,F,35,AC,5.5,0,0,0,1
1876,M,35,AC,0.0,0,0,0,1
1877,M,36,AC,4.6,0,0,0,1
1878,M,36,AC,5.8,0,0,0,0
1879,M,36,AC,4.3,0,0,0,1
1880,M,37,AC,5.1,0,0,0,0
1881,F,36,AC,7.2,0,0,0,0
1882,M,39,AC,3.1,0,0,0,1
1883,M,36,AC,5.8,0,0,0,0
1884,M,47,AC,7.4,0,0,0,0
1885,M,36,AC,1.9,0,0,0,1
1886,M,38,AC,7.2,0,0,0,1
1887,M,36,AC,8.2,0,0,0,1
1888,M,38,AC,7.4,0,0,0,0
1889,M,37,AC,6.0,0,0,0,1
1890,M,44,AC,4.2,0,0,0,0
1891,M,38,AC,6.5,1,0,0,0
1892,M,36,AC,2.8,0,0,0,1
1893,M,35,AC,0.1,0,0,0,1
1894,M,36,AC,7.3,0,0,0,0
1895,M,41,AC,3.6,0,0,0,1
1896,M,36,AC,6.8,0,0,0,0
1897,M,48,AC,5.8,0,0,0,0
1898,M,50,AC,5.0,0,0,0,0
1899,M,37,AC,5.6,0,0,0,0
1900,F,36,AC,5.8,0,0,0,0
1901,M,39,AC,5.7,0,0,0,0
1902,F,40,AC,5.8,1,0,0,0
1903,M,39,AC,3.3,0,0,0,1
1904,M,40,AC,6.4,0,0,0,0
1905,F,36,AC,6.7,0,0,0,0
1906,M,37,AC,6.1,0,0,0,0
1907,M,38,AC,5.6,0,0,0,0
1908,M,37,AC,6.3,0,0,0,0
1909,F,36,AC,3.4,0,0,0,1
1910,M,37,AC,4.7,0,0,0,1
1911,M,43,AC,2.0,0,0,0,1
1912,M,36,AC,6.9,0,0,0,0
1913,M,37,AC,5.2,0,0,0,0
1914,M,40,AC,6.3,0,0,0,0
1915,M,38,AC,4.7,0,0,0,0
1916,M,39,AC,6.0,0,0,0,0
1917,M,37,AC,8.0,1,0,0,0
1918,F,37,AC,4.5,0,0,0,1
1919,F,38,AC,7.3,0,0,0,0
1920,M,38,AC,6.1,0,0,0,0
1921,M,38,AC,5.1,0,0,0,0
1922,M,36,AC,7.4,1,0,0,0
1923,M,48,AC,6.2,1,0,0,0
1924,M,36,AC,4.1,0,0,0,1
1925,F,52,AC,7.0,0,0,0,0
1926,M,42,AC,2.4,0,0,0,1
1927,M,36,AC,3.5,0,0,0,1
1928,M,37,AC,4.4,0,0,0,1
1929,M,38,AC,6.1,0,0,0,0
1930,M,36,AC,6.7,0,0,0,0
1931,M,35,AC,8.7,0,0,0,0
1932,M,37,AC,6.0,0,0,0,0
1933,M,38,AC,6.2,0,0,0,0
1934,M,37,AC,5.6,0,0,0,0
1935,M,38,AC,8.1,0,0,0,0
1936,M,37,AC,5.8,0,0,0,0
1937,M,37,AC,8.0,0,0,0,0
1938,M,37,AC,4.0,0,0,0,1
1939,M,37,AC,6.9,0,0,0,0
1940,M,41,AC,5.5,0,0,0,1
1941,M,37,AC,7.8,0,0,0,0
1942,M,36,AC,8.1,0,0,0,0
1943,M,39,AC,5.7,0,0,0,0
1944,M,42,AC,5.6,0,0,0,0
1945,M,39,AC,6.3,0,0,0,1
1946,M,51,AC,7.7,0,0,0,0
1947,M,46,AC,8.6,0,0,0,0
1948,M,47,AC,8.3,0,0,0,0
1949,M,45,AC,8.2,0,0,0,0
1950,M,48,AC,7.4,0,0,0,0
1951,M,45,AC,7.8,0,0,0,0
1952,F,47,AC,7.3,0,0,0,0
1953,F,50,AC,8.0,0,0,0,0
1954,M,45,AC,7.8,0,0,0,0
1955,M,50,AC,8.3,0,0,0,0
1956,M,46,AC,8.7,0,0,0,0
1957,M,45,AC,7.7,0,0,0,0
1958,M,46,AC,8.5,0,0,0,0
1959,M,47,AC,7.8,0,0,0,0
1960,M,47,AC,7.4,0,0,0,0
1961,M,45,AC,6.8,0,0,0,0
1962,F,48,AC,6.1,0,0,0,0
